{"stats":{"minecraft:killed_by":{"mutantbeasts:mutant_enderman":2,"minecraft:player":4,"minecraft:creeper":1,"mutantbeasts:mutant_skeleton":1,"mutantbeasts:mutant_creeper":1},"minecraft:picked_up":{"minecraft:stone_slab":3,"minecraft:wooden_pickaxe":1,"minecraft:enchanted_book":1,"minecraft:string":116,"minecraft:item_frame":1,"vampirism:totem_base":1,"minecraft:beef":35,"minecraft:ender_eye":3,"minecraft:poppy":2,"tombstone:dark_marble":2,"minecraft:chest":2,"minecraft:furnace":1,"minecraft:egg":9,"minecraft:stick":5,"minecraft:sandstone":9,"minecraft:jungle_door":4,"minecraft:acacia_log":34,"minecraft:torch":16,"minecraft:sandstone_wall":2,"minecraft:porkchop":11,"tombstone:grave_dust":5,"minecraft:diorite":19,"minecraft:carrot":2,"minecraft:redstone":33,"minecraft:arrow":16,"minecraft:stone_sword":1,"minecraft:cactus":3,"minecraft:rotten_flesh":33,"minecraft:hay_block":26,"tombstone:essence_of_undeath":1,"minecraft:gold_ingot":4,"minecraft:mutton":5,"minecraft:rail":4,"minecraft:cobblestone":148,"minecraft:white_wool":13,"vampirism:weapon_table":1,"vampirism:vampire_blood_bottle":2,"minecraft:cooked_beef":3,"vampirism:med_chair":1,"vampirism:item_tent":1,"minecraft:andesite":3,"minecraft:cut_sandstone":10,"minecraft:leather":11,"minecraft:flint":2,"minecraft:oak_log":11,"minecraft:gunpowder":5,"minecraft:lapis_lazuli":56,"minecraft:dirt":1,"minecraft:cooked_mutton":5,"minecraft:bone":12,"minecraft:wheat_seeds":11,"vampirism:item_garlic":24,"minecraft:iron_ingot":3,"minecraft:stone_pickaxe":2,"minecraft:iron_ore":82,"minecraft:oak_planks":9,"vampirism:pure_salt":2,"minecraft:sand":197,"tombstone:decorative_grave_simple":1,"minecraft:gold_ore":16,"minecraft:leather_helmet":1,"minecraft:spider_eye":8,"travelersbackpack:standard":1,"tombstone:familiar_stone":2,"minecraft:diamond":6,"minecraft:granite":2,"minecraft:oak_sapling":3,"tombstone:magic_scroll":1,"minecraft:coal":36},"minecraft:mined":{"minecraft:diamond_ore":6,"minecraft:granite":1,"minecraft:acacia_log":22,"minecraft:sandstone":1,"minecraft:spawner":2,"minecraft:hay_block":26,"minecraft:redstone_ore":8,"minecraft:furnace":1,"minecraft:iron_ore":81,"minecraft:andesite":5,"minecraft:stone":144,"minecraft:torch":3,"minecraft:stone_slab":2,"minecraft:tall_grass":1,"minecraft:lapis_ore":9,"minecraft:diorite":14,"minecraft:wall_torch":2,"minecraft:tnt":1,"minecraft:grass":12,"vampirism:garlic":3,"minecraft:oak_log":11,"minecraft:coal_ore":40,"minecraft:gravel":7,"minecraft:sand":34,"minecraft:dirt":1,"tombstone:decorative_grave_simple":1,"minecraft:cobweb":17,"minecraft:gold_ore":16,"minecraft:oak_leaves":1},"minecraft:custom":{"minecraft:mob_kills":63,"minecraft:interact_with_crafting_table":51,"minecraft:leave_game":1,"minecraft:time_since_death":37856,"minecraft:sprint_one_cm":356139,"minecraft:walk_one_cm":291197,"minecraft:damage_blocked_by_shield":840,"minecraft:drop":44,"minecraft:deaths":9,"minecraft:sneak_time":2215,"minecraft:walk_under_water_one_cm":22876,"minecraft:jump":2559,"minecraft:walk_on_water_one_cm":44112,"minecraft:interact_with_furnace":97,"minecraft:play_one_minute":148142,"minecraft:sleep_in_bed":3,"minecraft:time_since_rest":37889,"minecraft:waystone_activated":2,"minecraft:damage_taken":4350,"minecraft:damage_dealt":11359,"tombstone:cast_on_ally":1,"minecraft:swim_one_cm":13472,"minecraft:fly_one_cm":552009,"minecraft:player_kills":1,"minecraft:open_chest":15,"minecraft:crouch_one_cm":4574,"tombstone:undead_killed":22,"minecraft:fall_one_cm":65625},"minecraft:crafted":{"minecraft:oak_planks":44,"spartanshields:shield_basic_iron":1,"vampirism:injection_garlic":2,"minecraft:furnace":6,"minecraft:stone":27,"minecraft:bone_meal":12,"minecraft:cooked_mutton":3,"minecraft:glass_pane":16,"vampirism:injection_empty":2,"minecraft:glass":34,"travelersbackpack:white_sleeping_bag":2,"minecraft:iron_boots":1,"minecraft:stone_pickaxe":1,"vampirism:stake":2,"minecraft:wheat":234,"spartanshields:shield_basic_wood":1,"minecraft:cooked_beef":1,"minecraft:cooked_porkchop":10,"minecraft:crafting_table":5,"travelersbackpack:backpack_tank":4,"minecraft:wooden_pickaxe":1,"minecraft:iron_helmet":1,"travelersbackpack:standard":2,"tombstone:decorative_grave_simple":1,"minecraft:iron_sword":1,"minecraft:bucket":1,"minecraft:stone_axe":1,"minecraft:bread":78,"minecraft:air":0,"minecraft:iron_chestplate":1,"minecraft:stone_slab":6,"minecraft:stick":44,"minecraft:iron_pickaxe":1,"minecraft:iron_ingot":44,"tombstone:dark_marble":5,"minecraft:stone_sword":1,"minecraft:iron_leggings":1,"minecraft:gold_ingot":4,"minecraft:acacia_planks":88,"minecraft:torch":60},"minecraft:killed":{"vampirism:vampire":2,"minecraft:cave_spider":14,"minecraft:spider":4,"minecraft:skeleton":6,"mutantbeasts:mutant_creeper":1,"minecraft:husk":6,"minecraft:pig":5,"minecraft:creeper":2,"vampirism:hunter":1,"minecraft:sheep":3,"minecraft:zombie":10,"minecraft:cow":10},"minecraft:used":{"minecraft:stone_sword":53,"minecraft:iron_sword":171,"minecraft:rotten_flesh":3,"minecraft:torch":66,"minecraft:dirt":1,"tombstone:decorative_grave_simple":1,"vampirism:item_tent":1,"minecraft:furnace":7,"tombstone:gift":9,"minecraft:cooked_beef":4,"minecraft:cooked_mutton":8,"minecraft:water_bucket":71,"minecraft:diorite":1,"minecraft:stone_pickaxe":172,"minecraft:oak_planks":13,"minecraft:wooden_pickaxe":10,"minecraft:sandstone":1,"vampirism:item_garlic":3,"minecraft:sand":1,"minecraft:crafting_table":5,"vampirism:stake":2,"minecraft:bread":30,"minecraft:iron_pickaxe":153,"tombstone:magic_scroll":6,"minecraft:stone_slab":9,"tombstone:grave_key":1,"spartanshields:shield_basic_iron":23,"minecraft:stone_axe":29,"tombstone:familiar_stone":8,"minecraft:cobblestone":9,"minecraft:bucket":72,"minecraft:andesite":3,"minecraft:bone_meal":9},"minecraft:dropped":{"vampirism:item_garlic":6,"minecraft:bread":24,"minecraft:porkchop":11,"minecraft:wheat_seeds":6,"vampirism:stake":1,"minecraft:granite":2,"travelersbackpack:standard":2,"minecraft:rail":4,"minecraft:leather_helmet":1,"minecraft:item_frame":1,"minecraft:flint":1,"minecraft:diorite":18,"minecraft:mutton":5,"minecraft:cut_sandstone":10,"minecraft:jungle_door":4,"tombstone:dark_marble":2,"vampirism:injection_garlic":1,"minecraft:gold_ingot":4,"tombstone:familiar_stone":1,"minecraft:rotten_flesh":4,"minecraft:oak_planks":1,"minecraft:glass_pane":14,"minecraft:sandstone_wall":2,"minecraft:poppy":1,"minecraft:stone_pickaxe":1,"minecraft:wooden_pickaxe":1,"minecraft:beef":19,"minecraft:egg":5}},"DataVersion":2586}