{"stats":{"minecraft:broken":{"minecraft:stone_pickaxe":1},"minecraft:mined":{"minecraft:crying_obsidian":2,"minecraft:tuff":11,"minecraft:white_bed":3,"minecraft:farmland":4,"minecraft:deepslate_diamond_ore":2,"minecraft:mossy_stone_brick_slab":3,"minecraft:jungle_leaves":4,"minecraft:brewing_stand":1,"minecraft:obsidian":15,"minecraft:nether_bricks":53,"minecraft:acacia_log":33,"minecraft:grass_block":7,"minecraft:jungle_log":7,"minecraft:hay_block":33,"minecraft:magma_block":1,"minecraft:iron_ore":18,"minecraft:fire":34,"minecraft:andesite":1,"minecraft:deepslate_lapis_ore":2,"minecraft:peony":2,"minecraft:gold_block":1,"minecraft:mossy_stone_brick_stairs":1,"minecraft:vine":5,"minecraft:deepslate_iron_ore":17,"minecraft:bamboo":12,"minecraft:stone":79,"minecraft:glass_pane":1,"minecraft:acacia_leaves":2,"minecraft:oak_slab":1,"minecraft:basalt":24,"minecraft:dandelion":1,"minecraft:torch":1,"minecraft:short_grass":95,"minecraft:poppy":1,"minecraft:melon":9,"minecraft:tall_grass":9,"minecraft:deepslate_gold_ore":4,"minecraft:sugar_cane":39,"minecraft:oak_planks":3,"minecraft:wall_torch":2,"minecraft:wheat":7,"minecraft:brown_wall_banner":1,"minecraft:black_wool":2,"minecraft:oak_log":29,"minecraft:coal_ore":19,"minecraft:gravel":8,"minecraft:dirt":17,"minecraft:stone_bricks":4,"minecraft:acacia_planks":5,"minecraft:netherrack":75,"minecraft:fern":18,"minecraft:oak_leaves":18,"minecraft:deepslate":88},"minecraft:killed_by":{"minecraft:player":1,"minecraft:zombie":2},"minecraft:custom":{"minecraft:mob_kills":95,"minecraft:interact_with_crafting_table":51,"minecraft:bell_ring":18,"minecraft:leave_game":3,"minecraft:time_since_death":82820,"minecraft:climb_one_cm":3052,"minecraft:sprint_one_cm":497553,"minecraft:walk_one_cm":431743,"minecraft:damage_blocked_by_shield":814,"minecraft:drop":86,"minecraft:talked_to_villager":1,"minecraft:play_time":184283,"minecraft:deaths":4,"minecraft:sneak_time":4672,"minecraft:walk_under_water_one_cm":19410,"minecraft:boat_one_cm":152297,"minecraft:jump":4092,"minecraft:walk_on_water_one_cm":23979,"minecraft:enchant_item":5,"minecraft:total_world_time":184283,"minecraft:interact_with_furnace":22,"minecraft:interact_with_grindstone":1,"minecraft:sleep_in_bed":3,"minecraft:time_since_rest":82844,"minecraft:damage_taken":2792,"minecraft:damage_dealt":13364,"minecraft:swim_one_cm":53529,"minecraft:fly_one_cm":825234,"minecraft:open_chest":31,"minecraft:crouch_one_cm":14427,"minecraft:fall_one_cm":93119},"minecraft:used":{"minecraft:enchanting_table":1,"minecraft:stone_sword":54,"minecraft:flint_and_steel":5,"minecraft:poppy":1,"minecraft:chest":1,"minecraft:shield":18,"minecraft:mossy_stone_brick_slab":3,"minecraft:stone_hoe":111,"minecraft:rotten_flesh":7,"minecraft:netherrack":55,"minecraft:oak_door":3,"minecraft:torch":79,"minecraft:dirt":26,"minecraft:jungle_planks":7,"minecraft:nether_bricks":45,"minecraft:tuff":11,"minecraft:obsidian":7,"minecraft:lava_bucket":1,"minecraft:bookshelf":3,"minecraft:basalt":22,"minecraft:hay_block":8,"minecraft:furnace":5,"minecraft:acacia_planks":18,"minecraft:cobbled_deepslate":59,"minecraft:wheat_seeds":9,"minecraft:water_bucket":78,"minecraft:diorite":2,"minecraft:stone_pickaxe":165,"minecraft:oak_planks":22,"minecraft:wooden_pickaxe":33,"minecraft:diamond_axe":73,"minecraft:sugar_cane":18,"minecraft:jungle_boat":1,"minecraft:oak_slab":7,"minecraft:crafting_table":16,"minecraft:spider_eye":1,"minecraft:white_bed":4,"minecraft:diamond_pickaxe":119,"minecraft:black_wool":4,"minecraft:acacia_door":3,"minecraft:iron_pickaxe":131,"minecraft:melon_slice":9,"minecraft:bread":52,"minecraft:oak_button":1,"minecraft:gravel":3,"minecraft:stone_axe":54,"minecraft:fire_charge":2,"minecraft:diamond_sword":186,"minecraft:cobblestone":43,"minecraft:grindstone":1,"minecraft:gray_wool":1,"minecraft:bucket":80,"minecraft:oak_boat":1,"minecraft:dandelion":1},"minecraft:crafted":{"minecraft:grindstone":1,"minecraft:oak_door":3,"minecraft:oak_planks":116,"minecraft:furnace":5,"minecraft:stone":3,"minecraft:bookshelf":3,"minecraft:diamond_helmet":1,"minecraft:diamond_leggings":1,"minecraft:stone_pickaxe":2,"minecraft:chest":1,"minecraft:diamond_boots":1,"minecraft:oak_button":1,"minecraft:stone_hoe":1,"minecraft:golden_boots":1,"minecraft:wheat":225,"minecraft:oak_slab":6,"minecraft:diamond_sword":1,"minecraft:diamond_axe":1,"minecraft:crafting_table":16,"minecraft:enchanting_table":1,"minecraft:jungle_boat":1,"minecraft:wooden_pickaxe":1,"minecraft:bucket":1,"minecraft:stone_axe":1,"minecraft:bread":75,"minecraft:air":0,"minecraft:jungle_planks":28,"minecraft:oak_boat":1,"minecraft:book":10,"minecraft:paper":30,"minecraft:iron_chestplate":1,"minecraft:diamond_pickaxe":1,"minecraft:shield":2,"minecraft:stick":48,"minecraft:stone_slab":6,"minecraft:iron_ingot":20,"minecraft:iron_pickaxe":1,"minecraft:stone_sword":1,"minecraft:acacia_door":3,"minecraft:gold_ingot":13,"minecraft:white_bed":1,"minecraft:acacia_planks":76,"minecraft:torch":76,"minecraft:shears":1,"minecraft:diamond_chestplate":1},"minecraft:dropped":{"minecraft:stone_hoe":3,"minecraft:iron_ingot":3,"minecraft:soul_sand":8,"minecraft:porkchop":2,"minecraft:wheat_seeds":28,"minecraft:oak_log":23,"minecraft:diamond":5,"minecraft:feather":9,"minecraft:mutton":18,"minecraft:melon_slice":28,"minecraft:brown_wool":2,"minecraft:gold_nugget":2,"minecraft:armadillo_scute":3,"minecraft:white_wool":3,"minecraft:gold_ingot":23,"minecraft:gravel":29,"minecraft:blackstone":10,"minecraft:sugar_cane":1,"minecraft:iron_nugget":1,"minecraft:stone_sword":1,"minecraft:blaze_rod":6,"minecraft:wheat":7,"minecraft:obsidian":4,"minecraft:raw_iron":7,"minecraft:chicken":4,"minecraft:rotten_flesh":9,"minecraft:peony":3,"minecraft:iron_chestplate":1,"minecraft:melon_seeds":7,"minecraft:spider_eye":1,"minecraft:stone_pickaxe":1,"minecraft:beef":8,"minecraft:wooden_pickaxe":2,"minecraft:quartz":21,"minecraft:netherrack":8},"minecraft:picked_up":{"minecraft:iron_chestplate":3,"minecraft:wheat":13,"minecraft:splash_potion":1,"minecraft:chicken":10,"minecraft:diamond_sword":1,"minecraft:wooden_pickaxe":4,"minecraft:gold_block":1,"minecraft:brewing_stand":2,"minecraft:shield":3,"minecraft:string":23,"minecraft:blackstone":10,"minecraft:diamond_leggings":1,"minecraft:gold_nugget":2,"minecraft:cobbled_deepslate":132,"minecraft:beef":23,"minecraft:light_gray_wool":2,"minecraft:iron_nugget":46,"minecraft:poppy":3,"minecraft:iron_pickaxe":2,"minecraft:melon_slice":94,"minecraft:sugar_cane":55,"minecraft:stick":9,"minecraft:raw_iron":55,"minecraft:torch":30,"minecraft:acacia_log":33,"minecraft:fire_charge":2,"minecraft:porkchop":2,"minecraft:diorite":6,"minecraft:diamond_chestplate":1,"minecraft:arrow":14,"minecraft:stone_sword":4,"minecraft:rotten_flesh":40,"minecraft:peony":3,"minecraft:nether_bricks":61,"minecraft:diamond_boots":1,"minecraft:hay_block":54,"minecraft:armadillo_scute":6,"minecraft:gold_ingot":14,"minecraft:blaze_rod":6,"minecraft:obsidian":15,"minecraft:mutton":67,"minecraft:cobblestone":100,"minecraft:white_wool":46,"minecraft:nautilus_shell":1,"minecraft:feather":27,"minecraft:basalt":22,"minecraft:magma_cream":2,"minecraft:water_bucket":1,"minecraft:jungle_log":7,"minecraft:brown_wool":5,"minecraft:leather":26,"minecraft:tuff":22,"minecraft:oak_log":81,"minecraft:golden_boots":1,"minecraft:lapis_lazuli":25,"minecraft:dirt":42,"minecraft:bone":16,"minecraft:acacia_planks":6,"minecraft:wheat_seeds":60,"minecraft:raw_gold":8,"minecraft:iron_ingot":1,"minecraft:stone_pickaxe":4,"minecraft:mossy_stone_bricks":1,"minecraft:diamond_helmet":1,"minecraft:acacia_sapling":1,"minecraft:soul_sand":8,"minecraft:stone_hoe":5,"minecraft:oak_planks":33,"minecraft:oak_slab":1,"minecraft:quartz":21,"minecraft:dandelion":1,"minecraft:gravel":35,"minecraft:white_bed":4,"minecraft:mossy_stone_brick_slab":3,"minecraft:crying_obsidian":4,"minecraft:spider_eye":3,"minecraft:diamond":43,"minecraft:stone_axe":4,"minecraft:diamond_axe":1,"minecraft:brown_banner":1,"minecraft:gray_wool":3,"minecraft:bread":320,"minecraft:netherrack":63,"minecraft:melon_seeds":7,"minecraft:black_wool":4,"minecraft:coal":32,"minecraft:diamond_pickaxe":1},"minecraft:killed":{"minecraft:armadillo":1,"minecraft:zombified_piglin":2,"minecraft:spider":4,"minecraft:skeleton":7,"minecraft:chicken":7,"minecraft:drowned":1,"minecraft:magma_cube":10,"minecraft:piglin":1,"minecraft:pig":1,"minecraft:salmon":1,"minecraft:creeper":1,"minecraft:sheep":15,"minecraft:zombie":15,"minecraft:wither_skeleton":7,"minecraft:villager":1,"minecraft:blaze":10,"minecraft:cow":8}},"DataVersion":3953}