{"stats":{"minecraft:killed":{"vampirism:vampire":5,"minecraft:cave_spider":15,"vampirism:advanced_vampire":2,"minecraft:spider":10,"minecraft:skeleton":26,"mutantbeasts:mutant_creeper":1,"minecraft:husk":32,"minecraft:pig":5,"minecraft:creeper":6,"minecraft:squid":1,"mutantbeasts:mutant_skeleton":1,"vampirism:hunter":1,"minecraft:sheep":3,"minecraft:zombie":26,"minecraft:enderman":1,"minecraft:cow":17},"minecraft:killed_by":{"mutantbeasts:mutant_enderman":2,"minecraft:player":4,"minecraft:creeper":2,"mutantbeasts:mutant_skeleton":4,"mutantbeasts:mutant_creeper":1,"minecraft:zombie":1},"minecraft:picked_up":{"minecraft:cocoa_beans":3,"minecraft:stone_slab":3,"minecraft:wooden_pickaxe":1,"vampirism:heart_striker_enhanced":1,"minecraft:enchanted_book":1,"securitycraft:reinforced_oak_planks":20,"vampirism:pure_salt_water":3,"vampirism:holy_water_bottle_normal":5,"minecraft:string":121,"minecraft:item_frame":1,"vampirism:totem_base":1,"minecraft:spruce_planks":45,"minecraft:beef":46,"minecraft:acacia_sign":1,"minecraft:ender_eye":3,"minecraft:sugar_cane":18,"minecraft:egg":12,"minecraft:poppy":6,"minecraft:spruce_slab":1,"minecraft:melon_slice":27,"tombstone:dark_marble":2,"minecraft:chest":2,"minecraft:furnace":1,"minecraft:stick":10,"minecraft:sandstone":9,"minecraft:jungle_door":4,"minecraft:torch":21,"minecraft:acacia_log":42,"mutantbeasts:mutant_skeleton_shoulder_pad":4,"minecraft:sandstone_wall":2,"minecraft:porkchop":11,"vampirism:holy_water_bottle_enhanced":1,"vampirism:vampire_fang":1,"tombstone:grave_dust":23,"minecraft:diorite":19,"vampirism:amulet":2,"minecraft:carrot":2,"minecraft:redstone":142,"vampirism:blood_bottle":1,"minecraft:stone_sword":1,"minecraft:cactus":6,"minecraft:arrow":42,"minecraft:rotten_flesh":91,"mutantbeasts:mutant_skeleton_rib":12,"minecraft:hay_block":63,"minecraft:gold_ingot":4,"tombstone:essence_of_undeath":3,"minecraft:mutton":5,"minecraft:rail":4,"minecraft:white_wool":15,"minecraft:cobblestone":221,"vampirism:weapon_table":1,"mutantbeasts:mutant_skeleton_skull":2,"vampirism:vampire_blood_bottle":4,"minecraft:cooked_beef":3,"vampirism:med_chair":1,"vampirism:item_tent":1,"mutantbeasts:mutant_skeleton_limb":16,"minecraft:andesite":3,"minecraft:leather":22,"minecraft:cut_sandstone":10,"minecraft:potato":1,"minecraft:flint":3,"minecraft:oak_log":168,"minecraft:gunpowder":11,"minecraft:dirt":203,"minecraft:lapis_lazuli":56,"minecraft:cooked_mutton":5,"minecraft:bone":46,"minecraft:apple":2,"minecraft:wheat_seeds":25,"vampirism:item_garlic":24,"minecraft:iron_ingot":6,"minecraft:stone_pickaxe":2,"minecraft:iron_ore":210,"tombstone:bag_of_seeds":2,"minecraft:bamboo":11,"minecraft:oak_planks":79,"vampirism:pure_salt":2,"securitycraft:reinforced_iron_block":3,"securitycraft:reinforced_dispenser":1,"minecraft:dandelion":5,"minecraft:gravel":2,"minecraft:sand":267,"minecraft:spruce_sapling":8,"tombstone:decorative_grave_simple":3,"minecraft:spruce_log":36,"minecraft:gold_ore":49,"minecraft:spider_eye":9,"minecraft:mossy_cobblestone":2,"minecraft:leather_helmet":1,"travelersbackpack:standard":1,"tombstone:familiar_stone":4,"minecraft:diamond":6,"minecraft:stone_axe":1,"mutantbeasts:mutant_skeleton_pelvis":2,"minecraft:granite":5,"tombstone:magic_scroll":3,"minecraft:oak_sapling":11,"minecraft:melon_seeds":2,"minecraft:coal":144,"minecraft:ender_pearl":2},"minecraft:used":{"minecraft:iron_shovel":174,"minecraft:stone_sword":53,"minecraft:flint_and_steel":1,"minecraft:spruce_slab":63,"minecraft:chest":6,"minecraft:spruce_planks":131,"minecraft:stone":2,"minecraft:iron_sword":462,"minecraft:rotten_flesh":3,"minecraft:torch":152,"minecraft:dirt":60,"minecraft:granite":3,"tombstone:decorative_grave_simple":6,"vampirism:item_tent":1,"minecraft:lava_bucket":14,"minecraft:iron_axe":154,"securitycraft:sentry":1,"minecraft:furnace":8,"tombstone:gift":15,"minecraft:cooked_beef":4,"securitycraft:reinforced_oak_planks":20,"minecraft:cooked_mutton":8,"tombstone:scroll_of_mercy":1,"vampirism:weapon_table":1,"minecraft:water_bucket":124,"minecraft:diorite":1,"minecraft:stone_pickaxe":172,"minecraft:oak_planks":265,"minecraft:wooden_pickaxe":10,"vampirism:item_garlic":3,"minecraft:sandstone":1,"minecraft:sugar_cane":18,"minecraft:white_wool":2,"minecraft:sand":75,"minecraft:crafting_table":5,"vampirism:stake":22,"tombstone:bag_of_seeds":2,"minecraft:acacia_sign":4,"spartanshields:shield_basic_iron":42,"tombstone:magic_scroll":6,"minecraft:bread":108,"minecraft:iron_pickaxe":560,"tombstone:grave_key":2,"minecraft:gravel":2,"minecraft:stone_slab":9,"minecraft:spruce_sapling":5,"minecraft:stone_axe":133,"travelersbackpack:standard":2,"tombstone:familiar_stone":8,"minecraft:cobblestone":12,"minecraft:andesite":3,"minecraft:smithing_table":1,"minecraft:bucket":147,"minecraft:sandstone_slab":1,"vampirism:med_chair":1,"vampirism:totem_base":1,"minecraft:bone_meal":9},"minecraft:broken":{"minecraft:iron_boots":1,"minecraft:stone_axe":1,"minecraft:iron_sword":1,"minecraft:iron_helmet":1,"vampirism:armor_of_swiftness_legs_ultimate":1},"minecraft:custom":{"minecraft:interact_with_smithing_table":3,"minecraft:mob_kills":154,"minecraft:interact_with_crafting_table":90,"minecraft:bell_ring":1,"minecraft:damage_dealt_resisted":20115,"minecraft:leave_game":6,"minecraft:time_since_death":53044,"minecraft:climb_one_cm":1967,"minecraft:sprint_one_cm":1001137,"minecraft:walk_one_cm":888211,"minecraft:damage_blocked_by_shield":1625,"minecraft:drop":64,"minecraft:talked_to_villager":7,"minecraft:sneak_time":6338,"minecraft:deaths":14,"minecraft:walk_under_water_one_cm":43510,"minecraft:jump":6252,"minecraft:walk_on_water_one_cm":72893,"minecraft:interact_with_furnace":134,"minecraft:play_one_minute":423227,"minecraft:sleep_in_bed":15,"minecraft:waystone_activated":5,"minecraft:time_since_rest":15744,"minecraft:damage_taken":8629,"tombstone:sneak_grave":1,"minecraft:damage_dealt":31066,"tombstone:cast_on_ally":1,"minecraft:player_kills":1,"minecraft:swim_one_cm":28546,"minecraft:fly_one_cm":1463381,"minecraft:crouch_one_cm":17141,"minecraft:open_chest":106,"tombstone:undead_killed":85,"minecraft:fall_one_cm":160309},"minecraft:dropped":{"vampirism:item_garlic":6,"minecraft:bread":24,"minecraft:porkchop":11,"minecraft:wheat_seeds":9,"vampirism:stake":1,"minecraft:sandstone_slab":5,"minecraft:granite":2,"travelersbackpack:standard":2,"minecraft:rail":4,"minecraft:leather_helmet":1,"minecraft:flint":1,"minecraft:stick":1,"minecraft:item_frame":1,"minecraft:diorite":18,"minecraft:mutton":5,"minecraft:cut_sandstone":10,"minecraft:jungle_door":4,"tombstone:dark_marble":2,"minecraft:sand":59,"minecraft:iron_pickaxe":1,"minecraft:cactus":3,"vampirism:injection_garlic":1,"minecraft:dandelion":4,"minecraft:gold_ingot":4,"tombstone:familiar_stone":1,"minecraft:stone_sword":2,"minecraft:rotten_flesh":4,"minecraft:oak_planks":1,"vampirism:heart_striker_enhanced":1,"minecraft:glass_pane":14,"minecraft:sandstone_wall":2,"minecraft:poppy":3,"vampirism:vampire_fang":1,"minecraft:melon_seeds":5,"minecraft:sandstone":8,"minecraft:beef":19,"minecraft:stone_pickaxe":1,"minecraft:wooden_pickaxe":1,"minecraft:egg":6},"minecraft:mined":{"minecraft:diamond_ore":6,"minecraft:spruce_planks":45,"minecraft:mossy_cobblestone":2,"minecraft:granite":1,"minecraft:acacia_log":30,"minecraft:grass_block":121,"minecraft:spruce_leaves":106,"minecraft:spawner":3,"minecraft:sandstone":4,"minecraft:hay_block":63,"minecraft:redstone_ore":33,"minecraft:furnace":1,"minecraft:iron_ore":209,"minecraft:andesite":6,"minecraft:bamboo":1,"minecraft:stone":241,"minecraft:white_wool":2,"minecraft:spruce_slab":1,"minecraft:tripwire":2,"minecraft:acacia_leaves":1,"minecraft:melon_stem":1,"minecraft:dandelion":4,"minecraft:torch":4,"minecraft:poppy":2,"minecraft:melon":6,"minecraft:tall_grass":1,"minecraft:stone_slab":2,"minecraft:cobblestone":4,"minecraft:lapis_ore":9,"minecraft:oak_planks":71,"minecraft:sugar_cane":8,"minecraft:diorite":14,"minecraft:wall_torch":5,"minecraft:cactus":1,"minecraft:wheat":1,"minecraft:spruce_log":36,"minecraft:birch_leaves":3,"minecraft:tnt":1,"vampirism:garlic":3,"minecraft:grass":37,"minecraft:coal_ore":149,"minecraft:oak_log":104,"minecraft:cocoa":1,"minecraft:gravel":10,"minecraft:dirt":82,"minecraft:sand":71,"tombstone:decorative_grave_simple":3,"minecraft:cobweb":19,"minecraft:acacia_sign":1,"minecraft:gold_ore":50,"minecraft:oak_leaves":12},"minecraft:crafted":{"securitycraft:sentry":1,"minecraft:redstone":27,"minecraft:oak_planks":416,"vampirism:injection_garlic":2,"spartanshields:shield_basic_iron":1,"tombstone:strange_tablet":1,"minecraft:furnace":7,"minecraft:stone":27,"minecraft:bone_meal":15,"travelersbackpack:blank_upgrade":4,"travelersbackpack:gold_tier_upgrade":1,"minecraft:cooked_mutton":3,"minecraft:glass_pane":32,"minecraft:flint_and_steel":1,"vampirism:injection_empty":2,"securitycraft:laser_block":1,"minecraft:glass":54,"travelersbackpack:white_sleeping_bag":2,"minecraft:bow":1,"minecraft:iron_boots":2,"minecraft:iron_axe":1,"minecraft:spruce_slab":78,"minecraft:stone_pickaxe":1,"tombstone:tablet_of_recall":1,"minecraft:chest":7,"vampirism:stake":2,"mutantbeasts:mutant_skeleton_arms":1,"mutantbeasts:mutant_skeleton_boots":1,"minecraft:redstone_block":4,"minecraft:wheat":567,"securitycraft:portable_radar":1,"spartanshields:shield_basic_wood":1,"minecraft:cooked_beef":1,"minecraft:oak_slab":24,"travelersbackpack:iron_tier_upgrade":1,"mutantbeasts:mutant_skeleton_leggings":1,"minecraft:cooked_porkchop":10,"minecraft:crafting_table":5,"minecraft:spruce_planks":144,"travelersbackpack:backpack_tank":6,"minecraft:wooden_pickaxe":1,"travelersbackpack:standard":2,"minecraft:iron_helmet":2,"tombstone:decorative_grave_simple":3,"minecraft:iron_sword":2,"minecraft:smithing_table":1,"tombstone:ankh_of_pray":1,"minecraft:sandstone_slab":6,"minecraft:bucket":1,"minecraft:stone_axe":1,"minecraft:bread":189,"minecraft:air":0,"minecraft:dispenser":1,"minecraft:iron_block":5,"minecraft:redstone_torch":1,"minecraft:iron_chestplate":1,"minecraft:acacia_sign":3,"minecraft:stick":72,"minecraft:stone_slab":6,"minecraft:iron_ingot":142,"tombstone:dark_marble":12,"minecraft:iron_pickaxe":3,"minecraft:stone_sword":1,"minecraft:gold_ingot":36,"minecraft:iron_shovel":1,"minecraft:iron_leggings":1,"minecraft:sandstone":3,"mutantbeasts:mutant_skeleton_chestplate":1,"minecraft:acacia_planks":120,"minecraft:torch":124,"securitycraft:universal_block_reinforcer_lvl1":1,"mutantbeasts:mutant_skeleton_rib_cage":1}},"DataVersion":2586}