{"stats":{"minecraft:broken":{"minecraft:stone_pickaxe":1},"minecraft:mined":{"minecraft:crying_obsidian":2,"minecraft:tuff":11,"minecraft:white_bed":3,"minecraft:farmland":4,"minecraft:deepslate_diamond_ore":4,"minecraft:mossy_stone_brick_slab":3,"minecraft:jungle_leaves":4,"minecraft:brewing_stand":1,"minecraft:obsidian":15,"minecraft:granite":4,"minecraft:nether_bricks":53,"minecraft:acacia_log":33,"minecraft:grass_block":9,"minecraft:jungle_log":9,"minecraft:spawner":1,"minecraft:hay_block":33,"minecraft:magma_block":1,"minecraft:iron_ore":18,"minecraft:fire":35,"minecraft:andesite":2,"minecraft:deepslate_lapis_ore":2,"minecraft:peony":2,"minecraft:gold_block":1,"minecraft:mossy_stone_brick_stairs":1,"minecraft:vine":7,"minecraft:deepslate_iron_ore":19,"minecraft:rail":1,"minecraft:bamboo":12,"minecraft:stone":120,"minecraft:glass_pane":1,"minecraft:acacia_leaves":2,"minecraft:oak_slab":1,"minecraft:basalt":24,"minecraft:dandelion":2,"minecraft:torch":1,"minecraft:short_grass":143,"minecraft:calcite":70,"minecraft:poppy":3,"minecraft:melon":9,"minecraft:stone_slab":1,"minecraft:tall_grass":28,"minecraft:lapis_ore":3,"minecraft:deepslate_gold_ore":4,"minecraft:sugar_cane":72,"minecraft:oak_planks":3,"minecraft:diorite":4,"minecraft:wall_torch":2,"minecraft:amethyst_block":3,"minecraft:wheat":7,"minecraft:brown_wall_banner":1,"minecraft:black_wool":2,"minecraft:oak_log":34,"minecraft:coal_ore":19,"minecraft:gravel":10,"minecraft:dirt":23,"minecraft:smooth_basalt":29,"minecraft:cobweb":12,"minecraft:stone_bricks":4,"minecraft:acacia_planks":5,"minecraft:netherrack":75,"minecraft:fern":20,"minecraft:oak_leaves":18,"minecraft:deepslate":148},"minecraft:killed_by":{"minecraft:player":1,"minecraft:zombie":2},"minecraft:custom":{"minecraft:mob_kills":102,"minecraft:interact_with_crafting_table":56,"minecraft:bell_ring":20,"minecraft:leave_game":3,"minecraft:time_since_death":154820,"minecraft:climb_one_cm":3867,"minecraft:sprint_one_cm":626240,"minecraft:walk_one_cm":511212,"minecraft:damage_blocked_by_shield":1244,"minecraft:drop":93,"minecraft:talked_to_villager":1,"minecraft:play_time":256283,"minecraft:deaths":4,"minecraft:sneak_time":4967,"minecraft:walk_under_water_one_cm":35207,"minecraft:boat_one_cm":152297,"minecraft:interact_with_brewingstand":1,"minecraft:jump":5135,"minecraft:walk_on_water_one_cm":38001,"minecraft:enchant_item":5,"minecraft:total_world_time":256283,"minecraft:interact_with_furnace":24,"minecraft:interact_with_grindstone":1,"minecraft:sleep_in_bed":4,"minecraft:time_since_rest":70440,"minecraft:damage_taken":3480,"minecraft:damage_dealt":15109,"minecraft:swim_one_cm":240061,"minecraft:fly_one_cm":1051089,"minecraft:open_chest":39,"minecraft:crouch_one_cm":14637,"minecraft:fall_one_cm":113550},"minecraft:used":{"minecraft:enchanting_table":1,"minecraft:stone_sword":54,"minecraft:flint_and_steel":9,"minecraft:poppy":3,"minecraft:chest":1,"minecraft:shield":22,"minecraft:mossy_stone_brick_slab":3,"minecraft:stone_hoe":111,"minecraft:rotten_flesh":7,"minecraft:netherrack":55,"minecraft:oak_door":3,"minecraft:torch":79,"minecraft:brewing_stand":1,"minecraft:dirt":49,"minecraft:jungle_planks":7,"minecraft:nether_bricks":45,"minecraft:tuff":11,"minecraft:obsidian":7,"minecraft:lava_bucket":1,"minecraft:bookshelf":5,"minecraft:light_gray_wool":2,"minecraft:basalt":22,"minecraft:tall_grass":1,"minecraft:hay_block":8,"minecraft:furnace":5,"minecraft:acacia_planks":18,"minecraft:cobbled_deepslate":100,"minecraft:short_grass":1,"minecraft:wheat_seeds":9,"minecraft:water_bucket":84,"minecraft:diorite":2,"minecraft:stone_pickaxe":165,"minecraft:oak_planks":22,"minecraft:wooden_pickaxe":33,"minecraft:diamond_axe":77,"minecraft:sugar_cane":25,"minecraft:jungle_boat":1,"minecraft:oak_slab":7,"minecraft:crafting_table":18,"minecraft:spider_eye":1,"minecraft:white_bed":4,"minecraft:diamond_pickaxe":345,"minecraft:black_wool":4,"minecraft:acacia_door":20,"minecraft:iron_pickaxe":131,"minecraft:melon_slice":9,"minecraft:bread":70,"minecraft:oak_button":1,"minecraft:stone_slab":6,"minecraft:gravel":5,"minecraft:stone_axe":59,"minecraft:fire_charge":2,"minecraft:diamond_sword":222,"minecraft:cobblestone":43,"minecraft:grindstone":1,"minecraft:gray_wool":1,"minecraft:bucket":86,"minecraft:oak_boat":1,"minecraft:dandelion":1},"minecraft:crafted":{"minecraft:grindstone":1,"minecraft:oak_door":3,"minecraft:oak_planks":136,"minecraft:furnace":5,"minecraft:stone":3,"minecraft:bookshelf":5,"minecraft:diamond_helmet":1,"minecraft:bow":1,"minecraft:diamond_leggings":1,"minecraft:stone_pickaxe":2,"minecraft:chest":1,"minecraft:diamond_boots":1,"minecraft:oak_button":1,"minecraft:stone_hoe":1,"minecraft:golden_boots":1,"minecraft:wheat":225,"minecraft:oak_slab":6,"minecraft:diamond_sword":1,"minecraft:diamond_axe":1,"minecraft:crafting_table":18,"minecraft:enchanting_table":1,"minecraft:jungle_boat":1,"minecraft:wooden_pickaxe":1,"minecraft:bucket":1,"minecraft:stone_axe":1,"minecraft:bread":75,"minecraft:air":0,"minecraft:jungle_planks":28,"minecraft:oak_boat":1,"minecraft:book":16,"minecraft:paper":48,"minecraft:iron_chestplate":1,"minecraft:diamond_pickaxe":1,"minecraft:shield":2,"minecraft:stick":56,"minecraft:stone_slab":6,"minecraft:iron_ingot":20,"minecraft:iron_pickaxe":1,"minecraft:stone_sword":1,"minecraft:acacia_door":27,"minecraft:gold_ingot":13,"minecraft:white_bed":1,"minecraft:acacia_planks":132,"minecraft:torch":76,"minecraft:shears":1,"minecraft:diamond_chestplate":1},"minecraft:dropped":{"minecraft:stone_hoe":3,"minecraft:iron_ingot":3,"minecraft:soul_sand":8,"minecraft:porkchop":2,"minecraft:wheat_seeds":28,"minecraft:oak_log":23,"minecraft:diamond":5,"minecraft:feather":9,"minecraft:mutton":18,"minecraft:melon_slice":28,"minecraft:brown_wool":2,"minecraft:gold_nugget":2,"minecraft:armadillo_scute":3,"minecraft:acacia_door":1,"minecraft:white_wool":3,"minecraft:dandelion":2,"minecraft:gold_ingot":23,"minecraft:gravel":29,"minecraft:blackstone":10,"minecraft:sugar_cane":1,"minecraft:iron_nugget":1,"minecraft:stone_sword":1,"minecraft:blaze_rod":6,"minecraft:wheat":8,"minecraft:obsidian":4,"minecraft:raw_iron":7,"minecraft:chicken":4,"minecraft:rotten_flesh":14,"minecraft:peony":3,"minecraft:iron_chestplate":1,"minecraft:melon_seeds":13,"minecraft:spider_eye":1,"minecraft:stone_pickaxe":1,"minecraft:beef":8,"minecraft:wooden_pickaxe":2,"minecraft:quartz":21,"minecraft:netherrack":8},"minecraft:picked_up":{"minecraft:iron_chestplate":3,"minecraft:wheat":15,"minecraft:splash_potion":1,"minecraft:chicken":10,"minecraft:stone_slab":1,"minecraft:diamond_sword":1,"minecraft:wooden_pickaxe":4,"minecraft:gold_block":1,"minecraft:brewing_stand":2,"minecraft:shield":3,"minecraft:string":35,"minecraft:acacia_door":1,"minecraft:blackstone":10,"minecraft:diamond_leggings":1,"minecraft:gold_nugget":2,"minecraft:cobbled_deepslate":192,"minecraft:beef":23,"minecraft:light_gray_wool":2,"minecraft:iron_nugget":46,"minecraft:poppy":6,"minecraft:iron_pickaxe":2,"minecraft:melon_slice":94,"minecraft:sugar_cane":95,"minecraft:stick":9,"minecraft:raw_iron":57,"minecraft:torch":30,"minecraft:acacia_log":33,"minecraft:fire_charge":2,"minecraft:porkchop":2,"minecraft:diorite":13,"minecraft:diamond_chestplate":1,"minecraft:arrow":17,"minecraft:stone_sword":4,"minecraft:rotten_flesh":53,"minecraft:peony":3,"minecraft:nether_bricks":61,"minecraft:diamond_boots":1,"minecraft:hay_block":54,"minecraft:armadillo_scute":6,"minecraft:gold_ingot":14,"minecraft:blaze_rod":6,"minecraft:obsidian":15,"minecraft:mutton":69,"minecraft:cobblestone":141,"minecraft:white_wool":48,"minecraft:nautilus_shell":1,"minecraft:feather":27,"minecraft:basalt":22,"minecraft:magma_cream":2,"minecraft:water_bucket":1,"minecraft:jungle_log":8,"minecraft:brown_wool":5,"minecraft:leather":26,"minecraft:tuff":22,"minecraft:oak_log":86,"minecraft:golden_boots":1,"minecraft:lapis_lazuli":46,"minecraft:dirt":50,"minecraft:bone":19,"minecraft:acacia_planks":6,"minecraft:wheat_seeds":68,"minecraft:raw_gold":8,"minecraft:iron_ingot":1,"minecraft:stone_pickaxe":4,"minecraft:mossy_stone_bricks":1,"minecraft:diamond_helmet":1,"minecraft:acacia_sapling":1,"minecraft:soul_sand":8,"minecraft:stone_hoe":5,"minecraft:oak_planks":33,"minecraft:oak_slab":1,"minecraft:quartz":21,"minecraft:dandelion":3,"minecraft:gravel":37,"minecraft:white_bed":4,"minecraft:mossy_stone_brick_slab":3,"minecraft:crying_obsidian":4,"minecraft:spider_eye":3,"minecraft:diamond":45,"minecraft:stone_axe":4,"minecraft:granite":4,"minecraft:diamond_axe":1,"minecraft:brown_banner":1,"minecraft:gray_wool":3,"minecraft:bread":320,"minecraft:netherrack":63,"minecraft:melon_seeds":13,"minecraft:black_wool":4,"minecraft:coal":32,"minecraft:diamond_pickaxe":1},"minecraft:killed":{"minecraft:armadillo":1,"minecraft:zombified_piglin":2,"minecraft:spider":4,"minecraft:skeleton":9,"minecraft:chicken":7,"minecraft:drowned":1,"minecraft:magma_cube":10,"minecraft:piglin":1,"minecraft:pig":1,"minecraft:salmon":1,"minecraft:creeper":1,"minecraft:sheep":15,"minecraft:zombie":19,"minecraft:enderman":1,"minecraft:wither_skeleton":7,"minecraft:villager":1,"minecraft:blaze":10,"minecraft:cow":8}},"DataVersion":3953}