{"stats":{"minecraft:killed":{"vampirism:vampire":1,"minecraft:cave_spider":4,"minecraft:husk":5,"minecraft:pig":5,"minecraft:creeper":2,"vampirism:hunter":1,"minecraft:sheep":3,"minecraft:zombie":8,"minecraft:cow":10},"minecraft:mined":{"minecraft:torch":3,"minecraft:acacia_log":22,"minecraft:tall_grass":1,"minecraft:diorite":13,"minecraft:sandstone":1,"minecraft:spawner":1,"minecraft:wall_torch":1,"minecraft:hay_block":26,"minecraft:furnace":1,"minecraft:iron_ore":39,"minecraft:andesite":3,"minecraft:grass":10,"vampirism:garlic":3,"minecraft:coal_ore":26,"minecraft:oak_log":11,"minecraft:sand":34,"minecraft:gravel":5,"minecraft:dirt":1,"minecraft:cobweb":13,"minecraft:stone":119,"minecraft:gold_ore":4,"minecraft:oak_leaves":1},"minecraft:killed_by":{"mutantbeasts:mutant_enderman":2,"minecraft:player":2,"mutantbeasts:mutant_skeleton":1},"minecraft:picked_up":{"vampirism:vampire_blood_bottle":1,"minecraft:cooked_beef":3,"vampirism:item_tent":1,"minecraft:andesite":3,"minecraft:leather":11,"minecraft:wooden_pickaxe":1,"minecraft:flint":2,"minecraft:oak_log":11,"minecraft:gunpowder":2,"minecraft:string":40,"minecraft:dirt":1,"minecraft:cooked_mutton":5,"minecraft:bone":3,"minecraft:wheat_seeds":6,"vampirism:item_garlic":11,"minecraft:iron_ingot":3,"minecraft:beef":19,"minecraft:stone_pickaxe":1,"minecraft:iron_ore":39,"minecraft:ender_eye":3,"minecraft:poppy":1,"minecraft:chest":2,"minecraft:egg":4,"minecraft:furnace":1,"minecraft:stick":1,"minecraft:sandstone":1,"minecraft:torch":4,"minecraft:acacia_log":22,"minecraft:porkchop":11,"minecraft:sand":35,"tombstone:grave_dust":1,"minecraft:diorite":19,"minecraft:carrot":1,"minecraft:gold_ore":4,"minecraft:leather_helmet":1,"minecraft:spider_eye":5,"travelersbackpack:standard":1,"minecraft:stone_sword":1,"minecraft:arrow":2,"minecraft:rotten_flesh":15,"tombstone:familiar_stone":2,"minecraft:hay_block":26,"minecraft:gold_ingot":2,"tombstone:essence_of_undeath":1,"tombstone:magic_scroll":1,"minecraft:oak_sapling":3,"minecraft:mutton":5,"minecraft:coal":24,"minecraft:white_wool":8,"minecraft:cobblestone":119},"minecraft:dropped":{"minecraft:bread":24,"minecraft:porkchop":11,"minecraft:wheat_seeds":1,"vampirism:stake":1,"minecraft:rotten_flesh":4,"travelersbackpack:standard":2,"minecraft:mutton":5,"minecraft:beef":3,"minecraft:wooden_pickaxe":1,"minecraft:gold_ingot":4,"vampirism:injection_garlic":1,"vampirism:item_garlic":6},"minecraft:custom":{"minecraft:interact_with_furnace":84,"minecraft:mob_kills":38,"minecraft:interact_with_crafting_table":40,"minecraft:play_one_minute":100449,"minecraft:leave_game":1,"minecraft:time_since_death":19996,"minecraft:sleep_in_bed":3,"minecraft:time_since_rest":20026,"minecraft:waystone_activated":2,"minecraft:sprint_one_cm":238827,"minecraft:damage_taken":2306,"minecraft:walk_one_cm":186910,"minecraft:damage_blocked_by_shield":175,"minecraft:drop":24,"minecraft:damage_dealt":6373,"tombstone:cast_on_ally":1,"minecraft:swim_one_cm":12975,"minecraft:fly_one_cm":429933,"minecraft:player_kills":1,"minecraft:open_chest":11,"minecraft:crouch_one_cm":2892,"tombstone:undead_killed":13,"minecraft:deaths":5,"minecraft:sneak_time":1263,"minecraft:walk_under_water_one_cm":8857,"minecraft:jump":1883,"minecraft:walk_on_water_one_cm":11017,"minecraft:fall_one_cm":47733},"minecraft:used":{"minecraft:water_bucket":20,"minecraft:diorite":1,"minecraft:stone_sword":53,"minecraft:stone_pickaxe":172,"minecraft:oak_planks":13,"minecraft:wooden_pickaxe":10,"minecraft:sandstone":1,"vampirism:item_garlic":3,"minecraft:iron_sword":77,"minecraft:rotten_flesh":3,"minecraft:torch":22,"minecraft:dirt":1,"minecraft:sand":1,"minecraft:crafting_table":5,"vampirism:item_tent":1,"minecraft:bread":19,"minecraft:iron_pickaxe":28,"tombstone:magic_scroll":6,"spartanshields:shield_basic_iron":4,"minecraft:stone_axe":29,"minecraft:cobblestone":9,"minecraft:furnace":7,"minecraft:andesite":3,"minecraft:bucket":21,"tombstone:gift":9,"minecraft:cooked_beef":4,"minecraft:bone_meal":9},"minecraft:crafted":{"spartanshields:shield_basic_wood":1,"minecraft:cooked_beef":1,"minecraft:oak_planks":44,"spartanshields:shield_basic_iron":1,"vampirism:injection_garlic":2,"minecraft:cooked_porkchop":10,"minecraft:crafting_table":5,"travelersbackpack:backpack_tank":4,"travelersbackpack:standard":2,"minecraft:wooden_pickaxe":1,"minecraft:iron_helmet":1,"minecraft:iron_sword":1,"minecraft:furnace":6,"minecraft:stone":3,"minecraft:bone_meal":9,"minecraft:bucket":1,"minecraft:stone_axe":1,"minecraft:bread":78,"minecraft:air":0,"minecraft:glass_pane":16,"vampirism:injection_empty":2,"minecraft:glass":34,"travelersbackpack:white_sleeping_bag":2,"minecraft:iron_boots":1,"minecraft:iron_chestplate":1,"minecraft:stick":28,"tombstone:dark_marble":3,"minecraft:iron_pickaxe":1,"minecraft:iron_ingot":44,"minecraft:stone_pickaxe":1,"minecraft:gold_ingot":4,"minecraft:stone_sword":1,"minecraft:iron_leggings":1,"vampirism:stake":1,"minecraft:acacia_planks":40,"minecraft:torch":20,"minecraft:wheat":234}},"DataVersion":2586}