{"stats":{"minecraft:killed":{"vampirism:vampire":1,"minecraft:husk":1,"minecraft:pig":5,"vampirism:hunter":1,"minecraft:sheep":3,"minecraft:zombie":7,"minecraft:cow":2},"minecraft:mined":{"minecraft:torch":1,"minecraft:tall_grass":1,"minecraft:diorite":1,"minecraft:sandstone":1,"minecraft:wall_torch":1,"minecraft:hay_block":26,"minecraft:furnace":1,"minecraft:iron_ore":35,"minecraft:grass":7,"minecraft:coal_ore":26,"minecraft:oak_log":11,"minecraft:gravel":1,"minecraft:dirt":1,"minecraft:stone":43,"minecraft:oak_leaves":1},"minecraft:killed_by":{"minecraft:player":2},"minecraft:picked_up":{"minecraft:cooked_beef":3,"vampirism:item_tent":1,"minecraft:leather":1,"minecraft:wooden_pickaxe":1,"minecraft:oak_log":11,"minecraft:string":2,"minecraft:dirt":1,"minecraft:bone":3,"minecraft:wheat_seeds":4,"minecraft:beef":3,"minecraft:stone_pickaxe":1,"minecraft:iron_ore":35,"minecraft:furnace":1,"minecraft:stick":1,"minecraft:sandstone":1,"minecraft:torch":2,"minecraft:porkchop":11,"minecraft:sand":1,"tombstone:grave_dust":1,"minecraft:diorite":1,"minecraft:leather_helmet":1,"minecraft:spider_eye":1,"minecraft:stone_sword":1,"minecraft:arrow":2,"minecraft:rotten_flesh":8,"minecraft:hay_block":26,"tombstone:magic_scroll":1,"minecraft:oak_sapling":3,"minecraft:mutton":5,"minecraft:coal":24,"minecraft:white_wool":3,"minecraft:cobblestone":46},"minecraft:dropped":{"minecraft:bread":24,"minecraft:porkchop":11,"minecraft:wheat_seeds":1,"minecraft:rotten_flesh":4,"minecraft:mutton":5,"minecraft:beef":3,"minecraft:wooden_pickaxe":1},"minecraft:custom":{"minecraft:interact_with_furnace":35,"minecraft:mob_kills":18,"minecraft:interact_with_crafting_table":18,"minecraft:play_one_minute":52449,"minecraft:leave_game":1,"minecraft:time_since_death":37745,"minecraft:sleep_in_bed":2,"minecraft:time_since_rest":11899,"minecraft:waystone_activated":1,"minecraft:sprint_one_cm":127357,"minecraft:damage_taken":1221,"minecraft:walk_one_cm":94209,"minecraft:drop":12,"minecraft:damage_dealt":3291,"tombstone:cast_on_ally":1,"minecraft:swim_one_cm":12975,"minecraft:fly_one_cm":265097,"minecraft:player_kills":1,"minecraft:open_chest":1,"minecraft:crouch_one_cm":1854,"tombstone:undead_killed":8,"minecraft:deaths":2,"minecraft:sneak_time":797,"minecraft:walk_under_water_one_cm":1187,"minecraft:jump":1174,"minecraft:walk_on_water_one_cm":5346,"minecraft:fall_one_cm":27866},"minecraft:used":{"minecraft:diorite":1,"minecraft:stone_sword":53,"minecraft:stone_pickaxe":100,"minecraft:oak_planks":13,"minecraft:wooden_pickaxe":10,"minecraft:sandstone":1,"minecraft:iron_sword":17,"minecraft:rotten_flesh":3,"minecraft:torch":11,"minecraft:dirt":1,"minecraft:sand":1,"minecraft:crafting_table":3,"vampirism:item_tent":1,"minecraft:bread":7,"tombstone:magic_scroll":6,"minecraft:stone_axe":6,"minecraft:cobblestone":9,"minecraft:furnace":3,"minecraft:bucket":1,"tombstone:gift":4,"minecraft:cooked_beef":4},"minecraft:crafted":{"spartanshields:shield_basic_wood":1,"minecraft:cooked_beef":1,"minecraft:oak_planks":44,"spartanshields:shield_basic_iron":1,"minecraft:cooked_porkchop":10,"minecraft:crafting_table":3,"minecraft:wooden_pickaxe":1,"minecraft:iron_helmet":1,"minecraft:iron_sword":1,"minecraft:furnace":3,"minecraft:bucket":1,"minecraft:stone_axe":1,"minecraft:bread":78,"minecraft:air":0,"minecraft:iron_boots":1,"minecraft:iron_chestplate":1,"minecraft:stick":20,"minecraft:iron_ingot":35,"minecraft:stone_pickaxe":1,"minecraft:stone_sword":1,"minecraft:iron_leggings":1,"minecraft:torch":20,"minecraft:wheat":234}},"DataVersion":2586}