{"stats":{"minecraft:picked_up":{"minecraft:iron_chestplate":6,"minecraft:crafting_table":1,"minecraft:chicken":5,"minecraft:gold_block":4,"minecraft:shield":7,"minecraft:string":24,"minecraft:iron_axe":1,"minecraft:flint_and_steel":3,"minecraft:iron_leggings":4,"minecraft:cobbled_deepslate":1,"minecraft:written_book":10,"minecraft:poppy":2,"minecraft:iron_pickaxe":4,"minecraft:birch_sapling":3,"minecraft:egg":2,"minecraft:iron_boots":6,"minecraft:furnace":6,"minecraft:golden_helmet":2,"minecraft:stick":55,"minecraft:raw_iron":61,"minecraft:torch":82,"minecraft:porkchop":18,"minecraft:golden_axe":2,"minecraft:diorite":2,"minecraft:arrow":24,"minecraft:stone_sword":6,"minecraft:mutton":7,"minecraft:white_wool":10,"minecraft:cobblestone":51,"minecraft:birch_log":21,"minecraft:feather":22,"minecraft:andesite":1,"minecraft:leather":2,"minecraft:birch_planks":40,"minecraft:oak_log":109,"sanitydim:garland":5,"minecraft:dirt":15,"man:cassette_1safetyinstructions":7,"minecraft:bone":16,"minecraft:wheat_seeds":3,"minecraft:stone_pickaxe":12,"minecraft:iron_ingot":25,"minecraft:cooked_chicken":4,"minecraft:cobweb":16,"minecraft:oak_planks":373,"minecraft:iron_sword":4,"minecraft:cooked_porkchop":15,"minecraft:pumpkin":83,"minecraft:sweet_berries":47,"minecraft:red_wool":5,"minecraft:dandelion":77,"minecraft:white_bed":2,"minecraft:spruce_log":2,"minecraft:stone_axe":7,"minecraft:iron_helmet":3,"minecraft:oak_sapling":40,"minecraft:netherrack":4,"minecraft:coal":76},"minecraft:custom":{"minecraft:mob_kills":23,"minecraft:interact_with_crafting_table":28,"minecraft:leave_game":3,"minecraft:time_since_death":9881,"minecraft:sprint_one_cm":194148,"minecraft:walk_one_cm":317929,"minecraft:damage_blocked_by_shield":1767,"minecraft:drop":71,"minecraft:play_time":119619,"minecraft:deaths":10,"minecraft:sneak_time":7321,"minecraft:walk_under_water_one_cm":1382,"minecraft:jump":1648,"minecraft:walk_on_water_one_cm":2517,"minecraft:total_world_time":119619,"minecraft:interact_with_furnace":41,"minecraft:sleep_in_bed":5,"minecraft:time_since_rest":9925,"minecraft:damage_taken":3672,"minecraft:damage_dealt":3896,"minecraft:swim_one_cm":1858,"minecraft:fly_one_cm":172775,"minecraft:player_kills":1,"minecraft:open_chest":3,"minecraft:crouch_one_cm":24761,"minecraft:fall_one_cm":54856},"minecraft:mined":{"minecraft:white_bed":1,"minecraft:grass_block":2,"minecraft:spruce_leaves":8,"minecraft:furnace":4,"minecraft:iron_ore":35,"minecraft:fire":14,"minecraft:pumpkin":17,"minecraft:stone":31,"minecraft:white_wool":4,"minecraft:red_wool":3,"minecraft:dandelion":58,"minecraft:crafting_table":1,"minecraft:torch":1,"minecraft:tall_grass":2,"minecraft:cobblestone":4,"minecraft:oak_planks":34,"minecraft:diorite":1,"minecraft:wall_torch":3,"minecraft:birch_log":12,"minecraft:sweet_berry_bush":5,"minecraft:spruce_log":2,"minecraft:birch_leaves":1,"minecraft:grass":12,"minecraft:oak_log":66,"minecraft:coal_ore":38,"minecraft:oak_leaves":18},"minecraft:crafted":{"minecraft:oak_planks":284,"minecraft:cooked_chicken":2,"minecraft:furnace":2,"sanitydim:garland":7,"minecraft:iron_boots":1,"minecraft:iron_axe":1,"minecraft:stone_pickaxe":1,"minecraft:red_dye":1,"minecraft:cooked_porkchop":8,"minecraft:crafting_table":8,"minecraft:spruce_planks":8,"minecraft:wooden_pickaxe":1,"minecraft:iron_helmet":1,"minecraft:iron_sword":1,"minecraft:red_wool":1,"minecraft:birch_planks":64,"minecraft:stone_axe":1,"minecraft:air":0,"minecraft:iron_chestplate":1,"minecraft:stick":16,"minecraft:iron_ingot":21,"minecraft:iron_pickaxe":1,"minecraft:oak_stairs":8,"minecraft:stone_sword":1,"minecraft:iron_leggings":1,"minecraft:torch":68},"minecraft:broken":{"sanitydim:garland":3},"minecraft:killed":{"minecraft:skeleton":3,"minecraft:chicken":2,"minecraft:pig":10,"doppelgangermod:dpcreeper":1,"minecraft:sheep":2,"minecraft:zombie":2},"minecraft:used":{"minecraft:stone_sword":33,"minecraft:flint_and_steel":14,"minecraft:spruce_planks":2,"minecraft:shield":34,"minecraft:iron_sword":42,"minecraft:cooked_chicken":3,"minecraft:torch":48,"minecraft:dirt":4,"sanitydim:garland":3,"minecraft:red_wool":5,"minecraft:iron_axe":70,"minecraft:oak_stairs":8,"minecraft:written_book":1,"minecraft:sweet_berries":26,"minecraft:furnace":6,"minecraft:oak_sapling":1,"minecraft:pumpkin":8,"minecraft:diorite":1,"minecraft:birch_planks":38,"minecraft:oak_planks":252,"minecraft:stone_pickaxe":76,"minecraft:wooden_pickaxe":14,"minecraft:white_wool":5,"minecraft:crafting_table":9,"minecraft:white_bed":1,"minecraft:iron_pickaxe":26,"minecraft:stone_axe":71,"minecraft:cobblestone":10,"minecraft:cooked_porkchop":8},"minecraft:killed_by":{"minecraft:player":5,"sanitydim:rotting_stalker":1,"cartoon_dweller:cartoon_dweller":1,"man:managgresive":1},"minecraft:dropped":{"minecraft:iron_ingot":1,"minecraft:wheat_seeds":1,"minecraft:golden_helmet":1,"minecraft:cooked_porkchop":3,"minecraft:feather":8,"minecraft:golden_axe":1,"minecraft:iron_helmet":2,"minecraft:cobblestone":2,"man:cassette_1safetyinstructions":1,"minecraft:coal":15,"minecraft:gold_block":2,"minecraft:cobweb":2,"minecraft:torch":59,"minecraft:pumpkin":9,"minecraft:string":8,"minecraft:dandelion":17,"minecraft:bone":5,"minecraft:stone_axe":3,"minecraft:sweet_berries":5,"minecraft:stone_sword":1,"minecraft:cobbled_deepslate":1,"minecraft:raw_iron":24,"minecraft:iron_boots":1,"minecraft:white_bed":1,"minecraft:shield":1,"minecraft:iron_chestplate":1,"sanitydim:garland":5,"minecraft:oak_sapling":17,"minecraft:arrow":8,"minecraft:stone_pickaxe":4,"minecraft:written_book":3,"minecraft:netherrack":1}},"DataVersion":3120}