{"stats":{"minecraft:killed":{"vampirism:vampire":1,"minecraft:husk":5,"minecraft:pig":5,"minecraft:creeper":1,"vampirism:hunter":1,"minecraft:sheep":3,"minecraft:zombie":8,"minecraft:cow":10},"minecraft:mined":{"minecraft:torch":1,"minecraft:acacia_log":22,"minecraft:tall_grass":1,"minecraft:diorite":1,"minecraft:sandstone":1,"minecraft:wall_torch":1,"minecraft:hay_block":26,"minecraft:furnace":1,"minecraft:iron_ore":35,"minecraft:grass":10,"vampirism:garlic":3,"minecraft:coal_ore":26,"minecraft:oak_log":11,"minecraft:sand":22,"minecraft:gravel":1,"minecraft:dirt":1,"minecraft:stone":45,"minecraft:oak_leaves":1},"minecraft:killed_by":{"mutantbeasts:mutant_enderman":2,"minecraft:player":2},"minecraft:picked_up":{"vampirism:vampire_blood_bottle":1,"minecraft:cooked_beef":3,"vampirism:item_tent":1,"minecraft:leather":11,"minecraft:wooden_pickaxe":1,"minecraft:oak_log":11,"minecraft:string":2,"minecraft:dirt":1,"minecraft:bone":3,"minecraft:wheat_seeds":6,"vampirism:item_garlic":11,"minecraft:iron_ingot":3,"minecraft:beef":19,"minecraft:stone_pickaxe":1,"minecraft:iron_ore":35,"minecraft:ender_eye":3,"minecraft:poppy":1,"minecraft:egg":4,"minecraft:furnace":1,"minecraft:stick":1,"minecraft:sandstone":1,"minecraft:torch":2,"minecraft:acacia_log":22,"minecraft:porkchop":11,"minecraft:sand":23,"tombstone:grave_dust":1,"minecraft:diorite":1,"minecraft:carrot":1,"minecraft:leather_helmet":1,"minecraft:spider_eye":2,"minecraft:stone_sword":1,"minecraft:arrow":2,"minecraft:rotten_flesh":13,"tombstone:familiar_stone":2,"minecraft:hay_block":26,"tombstone:magic_scroll":1,"minecraft:oak_sapling":3,"minecraft:mutton":5,"minecraft:coal":24,"minecraft:white_wool":3,"minecraft:cobblestone":49},"minecraft:dropped":{"minecraft:bread":24,"minecraft:porkchop":11,"minecraft:wheat_seeds":1,"vampirism:stake":1,"minecraft:rotten_flesh":4,"minecraft:mutton":5,"minecraft:beef":3,"minecraft:wooden_pickaxe":1,"vampirism:injection_garlic":1},"minecraft:custom":{"minecraft:interact_with_furnace":52,"minecraft:mob_kills":32,"minecraft:interact_with_crafting_table":24,"minecraft:play_one_minute":76449,"minecraft:leave_game":1,"minecraft:time_since_death":15330,"minecraft:sleep_in_bed":3,"minecraft:time_since_rest":15357,"minecraft:waystone_activated":2,"minecraft:sprint_one_cm":188420,"minecraft:damage_taken":1871,"minecraft:walk_one_cm":143469,"minecraft:drop":14,"minecraft:damage_dealt":5577,"tombstone:cast_on_ally":1,"minecraft:swim_one_cm":12975,"minecraft:fly_one_cm":396783,"minecraft:player_kills":1,"minecraft:open_chest":5,"minecraft:crouch_one_cm":1858,"tombstone:undead_killed":13,"minecraft:deaths":4,"minecraft:sneak_time":806,"minecraft:walk_under_water_one_cm":4274,"minecraft:jump":1652,"minecraft:walk_on_water_one_cm":6268,"minecraft:fall_one_cm":43531},"minecraft:used":{"minecraft:water_bucket":7,"minecraft:diorite":1,"minecraft:stone_sword":53,"minecraft:stone_pickaxe":102,"minecraft:oak_planks":13,"minecraft:wooden_pickaxe":10,"minecraft:sandstone":1,"vampirism:item_garlic":3,"minecraft:iron_sword":51,"minecraft:rotten_flesh":3,"minecraft:torch":11,"minecraft:dirt":1,"minecraft:sand":1,"minecraft:crafting_table":4,"vampirism:item_tent":1,"minecraft:bread":14,"tombstone:magic_scroll":6,"minecraft:stone_axe":29,"minecraft:cobblestone":9,"minecraft:furnace":4,"minecraft:bucket":7,"tombstone:gift":8,"minecraft:cooked_beef":4,"minecraft:bone_meal":9},"minecraft:crafted":{"spartanshields:shield_basic_wood":1,"minecraft:cooked_beef":1,"minecraft:oak_planks":44,"spartanshields:shield_basic_iron":1,"vampirism:injection_garlic":2,"minecraft:cooked_porkchop":10,"minecraft:crafting_table":4,"minecraft:wooden_pickaxe":1,"minecraft:iron_helmet":1,"minecraft:iron_sword":1,"minecraft:furnace":3,"minecraft:bone_meal":9,"minecraft:bucket":1,"minecraft:stone_axe":1,"minecraft:bread":78,"minecraft:air":0,"minecraft:glass_pane":16,"vampirism:injection_empty":2,"minecraft:glass":15,"minecraft:iron_boots":1,"minecraft:iron_chestplate":1,"minecraft:stick":24,"minecraft:iron_ingot":35,"minecraft:stone_pickaxe":1,"minecraft:stone_sword":1,"minecraft:iron_leggings":1,"vampirism:stake":1,"minecraft:acacia_planks":16,"minecraft:torch":20,"minecraft:wheat":234}},"DataVersion":2586}