{"stats":{"minecraft:killed":{"vampirism:vampire":6,"minecraft:cave_spider":15,"vampirism:advanced_vampire":2,"minecraft:spider":10,"minecraft:skeleton":26,"minecraft:pig":5,"minecraft:creeper":6,"vampirism:hunter":1,"minecraft:sheep":3,"minecraft:zombie":26,"minecraft:cow":17,"mutantbeasts:mutant_creeper":1,"minecraft:husk":33,"minecraft:wandering_trader":1,"minecraft:squid":1,"mutantbeasts:mutant_skeleton":1,"minecraft:enderman":1},"minecraft:killed_by":{"mutantbeasts:mutant_enderman":2,"minecraft:creeper":2,"mutantbeasts:mutant_creeper":1,"minecraft:zombie":1,"minecraft:player":4,"mutantbeasts:mutant_skeleton":5},"minecraft:picked_up":{"minecraft:lead":5,"minecraft:stone_slab":3,"minecraft:enchanted_book":1,"securitycraft:reinforced_oak_planks":20,"vampirism:pure_salt_water":3,"vampirism:holy_water_bottle_normal":5,"minecraft:string":121,"minecraft:spruce_planks":45,"minecraft:acacia_sign":1,"minecraft:ender_eye":3,"minecraft:melon_slice":27,"minecraft:furnace":2,"minecraft:stick":10,"minecraft:jungle_door":4,"minecraft:torch":21,"minecraft:acacia_log":42,"mutantbeasts:mutant_skeleton_shoulder_pad":4,"minecraft:sandstone_wall":2,"minecraft:porkchop":11,"vampirism:holy_water_bottle_enhanced":1,"minecraft:diorite":19,"tombstone:grave_dust":23,"vampirism:vampire_fang":1,"vampirism:amulet":2,"minecraft:cactus":6,"minecraft:stone_sword":1,"vampirism:blood_bottle":1,"minecraft:rotten_flesh":100,"minecraft:cobblestone":223,"vampirism:weapon_table":1,"vampirism:med_chair":1,"minecraft:cooked_beef":3,"mutantbeasts:mutant_skeleton_skull":2,"mutantbeasts:mutant_skeleton_limb":16,"minecraft:andesite":3,"minecraft:potato":1,"minecraft:flint":3,"minecraft:lapis_lazuli":104,"minecraft:dirt":203,"securitycraft:sentry":1,"minecraft:bone":48,"minecraft:acacia_planks":22,"minecraft:wheat_seeds":25,"vampirism:item_garlic":24,"minecraft:bamboo":11,"minecraft:oak_planks":79,"minecraft:sand":267,"securitycraft:reinforced_dispenser":1,"minecraft:mossy_cobblestone":2,"tombstone:familiar_stone":4,"minecraft:diamond":6,"mutantbeasts:mutant_skeleton_pelvis":2,"minecraft:granite":5,"minecraft:oak_sapling":11,"minecraft:cocoa_beans":3,"minecraft:wooden_pickaxe":1,"vampirism:heart_striker_enhanced":1,"minecraft:item_frame":1,"vampirism:totem_base":1,"minecraft:beef":46,"minecraft:chest":2,"minecraft:poppy":9,"minecraft:spruce_slab":1,"tombstone:dark_marble":2,"minecraft:sugar_cane":19,"minecraft:egg":12,"minecraft:sandstone":9,"minecraft:carrot":2,"minecraft:redstone":154,"minecraft:arrow":43,"mutantbeasts:mutant_skeleton_rib":13,"minecraft:hay_block":63,"tombstone:essence_of_undeath":3,"minecraft:gold_ingot":4,"minecraft:mutton":5,"minecraft:white_wool":15,"minecraft:rail":4,"vampirism:vampire_blood_bottle":4,"vampirism:item_tent":1,"minecraft:cut_sandstone":10,"minecraft:leather":22,"minecraft:oak_log":168,"minecraft:gunpowder":12,"minecraft:cooked_mutton":5,"minecraft:smooth_sandstone":1,"minecraft:apple":2,"minecraft:iron_ingot":11,"minecraft:stone_pickaxe":2,"minecraft:iron_ore":210,"tombstone:bag_of_seeds":2,"vampirism:pure_salt":2,"minecraft:dandelion":5,"minecraft:gravel":3,"tombstone:decorative_grave_simple":3,"minecraft:spruce_sapling":8,"securitycraft:reinforced_iron_block":3,"minecraft:spruce_log":36,"minecraft:gold_ore":49,"minecraft:spider_eye":9,"minecraft:leather_helmet":1,"travelersbackpack:standard":1,"minecraft:stone_axe":1,"tombstone:magic_scroll":3,"minecraft:melon_seeds":2,"minecraft:coal":164,"minecraft:ender_pearl":2},"minecraft:used":{"minecraft:iron_shovel":174,"minecraft:spruce_slab":63,"minecraft:chest":15,"minecraft:stone":2,"minecraft:iron_sword":477,"minecraft:rotten_flesh":3,"tombstone:decorative_grave_simple":6,"vampirism:item_tent":1,"minecraft:lava_bucket":14,"minecraft:furnace":13,"vampirism:weapon_table":1,"minecraft:diorite":1,"minecraft:stone_pickaxe":172,"minecraft:oak_planks":265,"minecraft:wooden_pickaxe":10,"minecraft:sandstone":1,"minecraft:sugar_cane":21,"minecraft:white_wool":2,"minecraft:sand":75,"vampirism:stake":22,"minecraft:bread":118,"tombstone:grave_key":5,"minecraft:gravel":3,"tombstone:familiar_stone":8,"minecraft:smithing_table":1,"minecraft:andesite":3,"vampirism:med_chair":1,"minecraft:bone_meal":9,"minecraft:enchanting_table":1,"minecraft:stone_sword":53,"minecraft:flint_and_steel":1,"minecraft:spruce_planks":131,"minecraft:torch":158,"minecraft:dirt":60,"minecraft:granite":3,"minecraft:iron_axe":154,"minecraft:smooth_sandstone":1,"securitycraft:sentry":1,"tombstone:gift":15,"minecraft:cooked_beef":4,"minecraft:acacia_planks":1,"minecraft:cooked_mutton":8,"tombstone:scroll_of_mercy":1,"minecraft:water_bucket":128,"securitycraft:reinforced_oak_planks":20,"minecraft:lead":2,"vampirism:item_garlic":3,"minecraft:crafting_table":7,"tombstone:bag_of_seeds":2,"minecraft:acacia_sign":4,"minecraft:iron_pickaxe":569,"tombstone:magic_scroll":6,"minecraft:stone_slab":9,"minecraft:spruce_sapling":5,"spartanshields:shield_basic_iron":42,"minecraft:stone_axe":133,"minecraft:cobblestone":12,"travelersbackpack:standard":2,"minecraft:sandstone_slab":1,"minecraft:bucket":151,"vampirism:totem_base":1},"minecraft:broken":{"minecraft:iron_boots":1,"minecraft:stone_axe":1,"minecraft:iron_sword":1,"vampirism:armor_of_swiftness_legs_ultimate":1,"minecraft:iron_helmet":2,"vampirism:armor_of_swiftness_feet_ultimate":1},"minecraft:custom":{"minecraft:interact_with_crafting_table":99,"minecraft:bell_ring":1,"minecraft:leave_game":6,"minecraft:time_since_death":13278,"minecraft:sprint_one_cm":1070427,"minecraft:damage_blocked_by_shield":1625,"minecraft:drop":64,"minecraft:talked_to_villager":7,"minecraft:deaths":15,"minecraft:jump":6567,"minecraft:walk_on_water_one_cm":74381,"minecraft:interact_with_furnace":141,"minecraft:play_one_minute":441227,"minecraft:sleep_in_bed":15,"minecraft:waystone_activated":5,"tombstone:sneak_grave":1,"minecraft:damage_dealt":31969,"minecraft:player_kills":1,"minecraft:crouch_one_cm":17486,"tombstone:undead_killed":86,"tombstone:villager_killed":1,"minecraft:interact_with_smithing_table":3,"minecraft:mob_kills":159,"minecraft:damage_dealt_resisted":20115,"minecraft:climb_one_cm":1967,"minecraft:walk_one_cm":950206,"minecraft:sneak_time":6500,"minecraft:walk_under_water_one_cm":44194,"minecraft:time_since_rest":13308,"minecraft:damage_taken":9263,"tombstone:cast_on_ally":1,"minecraft:swim_one_cm":28546,"minecraft:fly_one_cm":1527625,"minecraft:open_chest":127,"minecraft:fall_one_cm":164284},"minecraft:dropped":{"minecraft:porkchop":11,"vampirism:stake":1,"minecraft:sandstone_slab":5,"travelersbackpack:standard":2,"minecraft:rail":4,"minecraft:leather_helmet":1,"minecraft:item_frame":1,"minecraft:flint":1,"minecraft:mutton":5,"minecraft:cut_sandstone":10,"minecraft:sand":59,"minecraft:iron_pickaxe":1,"minecraft:gold_ingot":4,"minecraft:rotten_flesh":4,"minecraft:oak_planks":1,"minecraft:sandstone_wall":2,"minecraft:poppy":3,"vampirism:vampire_fang":1,"minecraft:melon_seeds":5,"minecraft:beef":19,"minecraft:egg":6,"vampirism:item_garlic":6,"minecraft:bread":24,"minecraft:wheat_seeds":9,"minecraft:granite":2,"minecraft:stick":1,"minecraft:diorite":18,"minecraft:jungle_door":4,"tombstone:dark_marble":2,"minecraft:cactus":3,"vampirism:injection_garlic":1,"minecraft:dandelion":4,"tombstone:familiar_stone":1,"minecraft:stone_sword":2,"vampirism:heart_striker_enhanced":1,"minecraft:glass_pane":14,"minecraft:sandstone":8,"minecraft:stone_pickaxe":1,"minecraft:wooden_pickaxe":1},"minecraft:mined":{"minecraft:spruce_planks":45,"minecraft:granite":1,"minecraft:acacia_log":30,"minecraft:grass_block":121,"minecraft:spawner":3,"minecraft:iron_ore":209,"minecraft:azure_bluet":1,"minecraft:spruce_slab":1,"minecraft:tripwire":2,"minecraft:melon_stem":1,"minecraft:torch":4,"minecraft:poppy":4,"minecraft:melon":6,"minecraft:cobblestone":4,"minecraft:sugar_cane":9,"minecraft:oak_planks":71,"minecraft:wall_torch":5,"minecraft:wheat":1,"minecraft:tnt":1,"minecraft:grass":54,"minecraft:oak_log":104,"minecraft:sand":71,"minecraft:dirt":82,"tombstone:decorative_grave_simple":3,"minecraft:acacia_sign":1,"minecraft:oak_leaves":12,"minecraft:diamond_ore":6,"minecraft:mossy_cobblestone":2,"minecraft:spruce_leaves":106,"minecraft:sandstone":4,"minecraft:hay_block":63,"minecraft:redstone_ore":35,"minecraft:furnace":1,"minecraft:andesite":6,"minecraft:bamboo":1,"minecraft:stone":241,"minecraft:white_wool":2,"minecraft:acacia_leaves":1,"minecraft:dandelion":4,"minecraft:stone_slab":2,"minecraft:tall_grass":6,"minecraft:lapis_ore":16,"minecraft:diorite":14,"minecraft:cactus":1,"minecraft:spruce_log":36,"minecraft:birch_leaves":3,"vampirism:garlic":3,"minecraft:coal_ore":149,"minecraft:cocoa":1,"minecraft:gravel":11,"minecraft:cobweb":19,"minecraft:gold_ore":50},"minecraft:crafted":{"minecraft:oak_planks":416,"spartanshields:shield_basic_iron":1,"vampirism:injection_garlic":2,"minecraft:stone":27,"minecraft:cooked_mutton":3,"securitycraft:laser_block":1,"minecraft:glass":54,"minecraft:bow":1,"minecraft:iron_boots":2,"minecraft:chest":16,"mutantbeasts:mutant_skeleton_arms":1,"vampirism:stake":2,"mutantbeasts:mutant_skeleton_boots":1,"spartanshields:shield_basic_wood":1,"minecraft:oak_slab":24,"travelersbackpack:iron_tier_upgrade":1,"minecraft:cooked_porkchop":10,"minecraft:crafting_table":7,"minecraft:spruce_planks":144,"minecraft:iron_helmet":3,"travelersbackpack:standard":2,"minecraft:wooden_pickaxe":1,"tombstone:decorative_grave_simple":3,"minecraft:smithing_table":1,"minecraft:dispenser":1,"minecraft:book":13,"minecraft:iron_chestplate":1,"minecraft:paper":126,"minecraft:stone_slab":6,"minecraft:stick":72,"minecraft:iron_ingot":142,"minecraft:iron_pickaxe":3,"minecraft:iron_block":5,"minecraft:stone_sword":1,"minecraft:gold_ingot":36,"minecraft:sandstone":3,"mutantbeasts:mutant_skeleton_chestplate":1,"minecraft:redstone_torch":1,"securitycraft:universal_block_reinforcer_lvl1":1,"minecraft:redstone":27,"securitycraft:sentry":1,"tombstone:strange_tablet":1,"minecraft:furnace":11,"minecraft:bone_meal":15,"travelersbackpack:gold_tier_upgrade":1,"travelersbackpack:blank_upgrade":4,"minecraft:glass_pane":32,"minecraft:flint_and_steel":1,"vampirism:injection_empty":2,"travelersbackpack:white_sleeping_bag":2,"minecraft:iron_axe":1,"minecraft:spruce_slab":78,"minecraft:stone_pickaxe":1,"tombstone:tablet_of_recall":1,"minecraft:redstone_block":4,"minecraft:wheat":567,"minecraft:cooked_beef":1,"securitycraft:portable_radar":1,"mutantbeasts:mutant_skeleton_leggings":1,"minecraft:enchanting_table":1,"travelersbackpack:backpack_tank":6,"minecraft:iron_sword":2,"minecraft:sandstone_slab":6,"tombstone:ankh_of_pray":1,"minecraft:bucket":1,"minecraft:stone_axe":1,"minecraft:bread":189,"minecraft:air":0,"minecraft:acacia_sign":3,"tombstone:dark_marble":12,"minecraft:iron_shovel":1,"minecraft:iron_leggings":1,"minecraft:acacia_planks":120,"minecraft:torch":124,"mutantbeasts:mutant_skeleton_rib_cage":1}},"DataVersion":2586}