{"stats":{"minecraft:used":{"minecraft:iron_shovel":198,"minecraft:spruce_slab":79,"minecraft:chest":15,"minecraft:stone":2,"minecraft:iron_sword":724,"minecraft:rotten_flesh":3,"securitycraft:keypad_item":1,"tombstone:decorative_grave_simple":6,"vampirism:item_tent":1,"minecraft:lava_bucket":27,"minecraft:furnace":13,"vampirism:weapon_table":1,"minecraft:diorite":1,"minecraft:stone_pickaxe":172,"minecraft:oak_planks":282,"minecraft:wooden_pickaxe":10,"minecraft:sandstone":1,"minecraft:sugar_cane":21,"minecraft:white_wool":2,"minecraft:sand":78,"vampirism:totem_top":2,"securitycraft:universal_block_remover":4,"vampirism:stake":67,"securitycraft:reinforced_oak_slab":54,"minecraft:bread":200,"securitycraft:reinforced_birch_log":8,"tombstone:grave_key":6,"minecraft:gravel":3,"tombstone:familiar_stone":8,"minecraft:smithing_table":1,"minecraft:andesite":3,"minecraft:birch_log":8,"vampirism:med_chair":1,"minecraft:bone_meal":9,"minecraft:enchanting_table":1,"minecraft:stone_sword":53,"minecraft:flint_and_steel":2,"securitycraft:keypad_chest":1,"minecraft:spruce_planks":131,"minecraft:netherrack":70,"minecraft:torch":165,"minecraft:dirt":163,"securitycraft:reinforced_black_stained_glass_pane":18,"minecraft:granite":3,"minecraft:iron_hoe":14,"minecraft:bookshelf":28,"minecraft:iron_axe":296,"minecraft:smooth_sandstone":1,"securitycraft:sentry":20,"tombstone:gift":15,"minecraft:cooked_beef":4,"minecraft:acacia_planks":1,"minecraft:cooked_mutton":8,"tombstone:scroll_of_mercy":1,"minecraft:water_bucket":147,"securitycraft:reinforced_oak_planks":96,"minecraft:lead":2,"vampirism:item_garlic":3,"minecraft:crafting_table":7,"tombstone:bag_of_seeds":2,"minecraft:acacia_sign":4,"minecraft:iron_pickaxe":696,"tombstone:magic_scroll":6,"minecraft:stone_slab":9,"minecraft:spruce_sapling":5,"spartanshields:shield_basic_iron":45,"minecraft:stone_axe":133,"minecraft:cobblestone":15,"travelersbackpack:standard":4,"minecraft:bucket":183,"minecraft:sandstone_slab":1,"vampirism:totem_base":2,"minecraft:dandelion":2},"minecraft:crafted":{"minecraft:black_dye":3,"minecraft:oak_planks":436,"spartanshields:shield_basic_iron":1,"vampirism:injection_garlic":2,"minecraft:stone":27,"securitycraft:keypad_item":1,"securitycraft:reinforced_oak_slab":54,"vampirism:crossbow_arrow_normal":6,"minecraft:bookshelf":8,"minecraft:heavy_weighted_pressure_plate":1,"minecraft:cooked_mutton":3,"securitycraft:laser_block":1,"minecraft:glass":70,"minecraft:diamond_helmet":1,"minecraft:bow":1,"minecraft:diamond_leggings":1,"minecraft:iron_boots":4,"minecraft:chest":16,"vampirism:stake":5,"mutantbeasts:mutant_skeleton_arms":1,"mutantbeasts:mutant_skeleton_boots":1,"spartanshields:shield_basic_wood":1,"minecraft:oak_slab":24,"travelersbackpack:iron_tier_upgrade":1,"minecraft:cooked_porkchop":10,"minecraft:crafting_table":7,"minecraft:spruce_planks":144,"travelersbackpack:standard":2,"minecraft:wooden_pickaxe":1,"minecraft:iron_helmet":3,"tombstone:decorative_grave_simple":3,"minecraft:smithing_table":1,"minecraft:dispenser":1,"vampirism:dark_spruce_planks":4,"minecraft:iron_chestplate":1,"minecraft:book":13,"minecraft:paper":126,"naturescompass:naturescompass":1,"minecraft:stone_slab":6,"minecraft:stick":84,"minecraft:compass":1,"minecraft:iron_ingot":206,"minecraft:iron_pickaxe":4,"minecraft:iron_block":5,"minecraft:stone_sword":1,"minecraft:gold_ingot":36,"minecraft:sandstone":3,"mutantbeasts:mutant_skeleton_chestplate":1,"minecraft:redstone_torch":1,"minecraft:shears":1,"securitycraft:universal_block_reinforcer_lvl1":1,"minecraft:redstone":27,"securitycraft:sentry":1,"tombstone:strange_tablet":1,"vampirism:cursed_spruce_planks":8,"minecraft:furnace":11,"minecraft:stone_button":10,"minecraft:bone_meal":15,"travelersbackpack:gold_tier_upgrade":1,"travelersbackpack:blank_upgrade":4,"minecraft:glass_pane":32,"minecraft:flint_and_steel":1,"vampirism:injection_empty":2,"travelersbackpack:white_sleeping_bag":2,"minecraft:iron_axe":2,"securitycraft:universal_block_remover":1,"minecraft:iron_hoe":1,"minecraft:spruce_slab":78,"minecraft:stone_pickaxe":1,"tombstone:tablet_of_recall":1,"minecraft:redstone_block":4,"minecraft:wheat":702,"minecraft:cooked_beef":1,"securitycraft:portable_radar":1,"mutantbeasts:mutant_skeleton_leggings":1,"minecraft:enchanting_table":1,"travelersbackpack:backpack_tank":6,"minecraft:iron_sword":3,"minecraft:sandstone_slab":6,"tombstone:ankh_of_pray":1,"minecraft:bucket":2,"securitycraft:reinforced_oak_planks":32,"minecraft:stone_axe":1,"minecraft:bread":234,"minecraft:air":0,"minecraft:black_stained_glass":16,"minecraft:acacia_sign":3,"tombstone:dark_marble":12,"minecraft:black_stained_glass_pane":32,"minecraft:iron_leggings":1,"minecraft:iron_shovel":2,"minecraft:acacia_planks":120,"minecraft:torch":124,"mutantbeasts:mutant_skeleton_rib_cage":1},"minecraft:killed_by":{"mutantbeasts:mutant_enderman":2,"minecraft:creeper":3,"vampirism:vampire_baron":2,"mutantbeasts:mutant_creeper":1,"minecraft:zombie":1,"minecraft:player":7,"mutantbeasts:mutant_skeleton":6,"mutantbeasts:mutant_zombie":1},"minecraft:custom":{"minecraft:interact_with_crafting_table":116,"minecraft:bell_ring":1,"minecraft:leave_game":11,"minecraft:time_since_death":10044,"minecraft:sprint_one_cm":1533161,"minecraft:damage_blocked_by_shield":1745,"minecraft:drop":99,"minecraft:talked_to_villager":13,"minecraft:deaths":24,"minecraft:jump":9794,"minecraft:walk_on_water_one_cm":80891,"minecraft:enchant_item":1,"minecraft:interact_with_furnace":174,"minecraft:play_one_minute":618921,"minecraft:sleep_in_bed":21,"minecraft:waystone_activated":6,"tombstone:sneak_grave":1,"minecraft:damage_dealt":48916,"minecraft:player_kills":1,"minecraft:crouch_one_cm":37748,"tombstone:undead_killed":122,"tombstone:villager_killed":1,"minecraft:interact_with_smithing_table":3,"minecraft:mob_kills":237,"minecraft:damage_dealt_resisted":140703,"minecraft:climb_one_cm":2230,"minecraft:walk_one_cm":1505152,"tombstone:consume_soul":1,"vampirism:capture_village":2,"minecraft:sneak_time":11932,"minecraft:walk_under_water_one_cm":46269,"vampirism:win_village_capture":3,"tombstone:raider_killed":4,"minecraft:time_since_rest":10073,"minecraft:damage_taken":15033,"tombstone:cast_on_ally":3,"minecraft:swim_one_cm":33516,"minecraft:fly_one_cm":2215148,"minecraft:open_chest":172,"vampirism:defend_village":1,"minecraft:fall_one_cm":232098},"minecraft:picked_up":{"minecraft:wheat":1,"minecraft:stone_slab":3,"minecraft:lead":5,"minecraft:oak_stairs":1,"minecraft:enchanted_book":3,"minecraft:golden_sword":2,"securitycraft:reinforced_oak_planks":104,"vampirism:pure_salt_water":3,"vampirism:holy_water_bottle_normal":5,"minecraft:string":125,"vampirism:cursed_spruce_planks":6,"minecraft:gold_nugget":11,"minecraft:spruce_planks":45,"minecraft:acacia_sign":1,"minecraft:ender_eye":3,"securitycraft:reinforced_birch_log":8,"securitycraft:reinforced_oak_log":8,"minecraft:melon_slice":27,"minecraft:furnace":2,"minecraft:stick":17,"minecraft:jungle_door":4,"minecraft:torch":22,"minecraft:acacia_log":42,"minecraft:porkchop":11,"mutantbeasts:mutant_skeleton_shoulder_pad":4,"minecraft:sandstone_wall":2,"vampirism:holy_water_bottle_enhanced":1,"vampirism:vampire_fang":7,"tombstone:grave_dust":36,"minecraft:diorite":19,"vampirism:amulet":2,"vampirism:blood_bottle":1,"minecraft:stone_sword":1,"minecraft:cactus":6,"minecraft:rotten_flesh":143,"minecraft:cobblestone":244,"minecraft:birch_log":37,"vampirism:weapon_table":1,"mutantbeasts:mutant_skeleton_skull":2,"minecraft:cooked_beef":3,"vampirism:med_chair":1,"securitycraft:reinforced_black_stained_glass_pane":34,"mutantbeasts:mutant_skeleton_limb":16,"minecraft:andesite":3,"minecraft:golden_leggings":1,"minecraft:potato":1,"minecraft:flint":3,"minecraft:lapis_lazuli":104,"minecraft:dirt":243,"securitycraft:sentry":20,"minecraft:bone":60,"securitycraft:reinforced_stone_button":12,"minecraft:glass":1,"minecraft:acacia_planks":22,"minecraft:bow":1,"minecraft:wheat_seeds":37,"vampirism:pure_blood_1":1,"vampirism:item_garlic":24,"minecraft:bamboo":11,"minecraft:oak_planks":135,"vampirism:cursed_spruce_log":2,"minecraft:sand":369,"minecraft:ink_sac":8,"securitycraft:reinforced_dispenser":1,"minecraft:mossy_cobblestone":2,"tombstone:familiar_stone":4,"minecraft:diamond":6,"mutantbeasts:mutant_skeleton_pelvis":2,"minecraft:granite":5,"minecraft:bone_meal":2,"minecraft:bread":8,"minecraft:oak_sapling":19,"minecraft:netherrack":124,"minecraft:cocoa_beans":3,"minecraft:azure_bluet":1,"minecraft:chicken":1,"vampirism:dark_spruce_log":1,"minecraft:wooden_pickaxe":1,"vampirism:heart_striker_enhanced":1,"minecraft:flint_and_steel":1,"minecraft:item_frame":1,"vampirism:totem_base":1,"minecraft:beef":53,"minecraft:poppy":9,"minecraft:spruce_slab":17,"tombstone:dark_marble":2,"minecraft:chest":2,"minecraft:sugar_cane":19,"minecraft:egg":17,"minecraft:sandstone":16,"minecraft:carrot":2,"minecraft:redstone":154,"minecraft:arrow":54,"mutantbeasts:mutant_skeleton_rib":13,"minecraft:hay_block":79,"tombstone:essence_of_undeath":3,"minecraft:gold_ingot":4,"minecraft:mutton":6,"minecraft:rail":4,"minecraft:white_wool":16,"minecraft:oxeye_daisy":1,"vampirism:vampire_blood_bottle":7,"vampirism:item_tent":1,"minecraft:cut_sandstone":10,"minecraft:leather":24,"minecraft:oak_log":195,"securitycraft:keypad_chest":1,"minecraft:gunpowder":12,"minecraft:cooked_mutton":5,"minecraft:smooth_sandstone":1,"minecraft:apple":4,"minecraft:iron_ingot":14,"minecraft:stone_pickaxe":2,"minecraft:iron_ore":210,"tombstone:bag_of_seeds":2,"minecraft:book":27,"vampirism:pure_salt":2,"minecraft:dandelion":8,"minecraft:gravel":3,"minecraft:spruce_sapling":8,"tombstone:decorative_grave_simple":3,"securitycraft:reinforced_iron_block":3,"minecraft:spruce_log":36,"minecraft:gold_ore":62,"minecraft:spider_eye":13,"minecraft:leather_helmet":1,"travelersbackpack:standard":1,"minecraft:stone_axe":1,"tombstone:magic_scroll":5,"minecraft:melon_seeds":2,"minecraft:coal":164,"minecraft:ender_pearl":2},"minecraft:dropped":{"naturescompass:naturescompass":1,"minecraft:porkchop":11,"vampirism:stake":2,"minecraft:sandstone_slab":5,"minecraft:rail":4,"travelersbackpack:standard":2,"minecraft:leather_helmet":1,"minecraft:item_frame":1,"minecraft:flint":1,"minecraft:mutton":5,"minecraft:cut_sandstone":10,"minecraft:sand":143,"minecraft:iron_pickaxe":1,"tombstone:scroll_of_preservation":1,"minecraft:gold_ingot":4,"tombstone:tablet_of_recall":1,"minecraft:rotten_flesh":5,"minecraft:oak_planks":1,"securitycraft:sentry":2,"minecraft:sandstone_wall":2,"minecraft:poppy":3,"vampirism:vampire_blood_bottle":1,"vampirism:vampire_fang":1,"minecraft:melon_seeds":5,"minecraft:beef":19,"minecraft:egg":6,"vampirism:item_garlic":6,"minecraft:bread":32,"mutantbeasts:mutant_skeleton_chestplate":2,"minecraft:wheat_seeds":10,"minecraft:granite":2,"mutantbeasts:mutant_skeleton_skull":2,"tombstone:scroll_of_mercy":1,"tombstone:ankh_of_pray":1,"minecraft:stick":1,"minecraft:diorite":18,"tombstone:magic_scroll":1,"tombstone:grave_key":1,"minecraft:jungle_door":4,"tombstone:dark_marble":2,"minecraft:cactus":3,"mutantbeasts:mutant_skeleton_leggings":2,"vampirism:injection_garlic":1,"minecraft:dandelion":4,"tombstone:familiar_stone":1,"minecraft:stone_sword":2,"mutantbeasts:mutant_skeleton_boots":2,"vampirism:armor_of_swiftness_chest_ultimate":1,"vampirism:heart_striker_enhanced":1,"minecraft:glass_pane":14,"securitycraft:universal_block_remover":1,"minecraft:golden_leggings":1,"minecraft:sandstone":8,"minecraft:stone_pickaxe":1,"minecraft:wooden_pickaxe":1,"securitycraft:universal_block_reinforcer_lvl1":1},"minecraft:killed":{"vampirism:vampire":24,"minecraft:cave_spider":15,"minecraft:zombified_piglin":11,"vampirism:advanced_vampire":2,"minecraft:spider":16,"minecraft:skeleton":38,"vampirism:blinding_bat":1,"minecraft:chicken":1,"vampirism:vampire_baron":1,"minecraft:piglin":2,"minecraft:pig":5,"minecraft:creeper":6,"vampirism:hunter":1,"minecraft:sheep":4,"minecraft:zombie":39,"minecraft:cow":20,"mutantbeasts:mutant_creeper":1,"minecraft:husk":33,"minecraft:wandering_trader":1,"minecraft:squid":4,"mutantbeasts:mutant_skeleton":1,"minecraft:enderman":1},"minecraft:mined":{"minecraft:spruce_planks":45,"minecraft:granite":1,"minecraft:acacia_log":30,"minecraft:grass_block":128,"vampirism:dark_spruce_log":1,"minecraft:spawner":3,"minecraft:magma_block":1,"minecraft:iron_ore":209,"minecraft:fire":10,"minecraft:azure_bluet":2,"minecraft:spruce_slab":1,"minecraft:tripwire":2,"minecraft:melon_stem":1,"minecraft:torch":5,"minecraft:poppy":4,"minecraft:melon":6,"minecraft:cobblestone":4,"minecraft:sugar_cane":9,"minecraft:oak_planks":126,"minecraft:wall_torch":6,"minecraft:birch_log":37,"minecraft:wheat":1,"minecraft:tnt":1,"minecraft:grass":85,"minecraft:oak_log":127,"minecraft:sand":99,"minecraft:dirt":86,"tombstone:decorative_grave_simple":3,"minecraft:acacia_sign":1,"minecraft:netherrack":126,"minecraft:oak_leaves":12,"minecraft:diamond_ore":6,"minecraft:mossy_cobblestone":2,"minecraft:spruce_leaves":106,"minecraft:sandstone":4,"minecraft:hay_block":79,"minecraft:redstone_ore":35,"minecraft:furnace":1,"minecraft:andesite":6,"minecraft:bookshelf":9,"minecraft:bamboo":1,"minecraft:stone":241,"minecraft:white_wool":2,"minecraft:acacia_leaves":1,"vampirism:cursed_spruce_log":2,"minecraft:dandelion":5,"minecraft:stone_slab":2,"minecraft:tall_grass":11,"minecraft:lapis_ore":16,"minecraft:diorite":14,"minecraft:cactus":1,"minecraft:spruce_log":36,"minecraft:birch_leaves":5,"vampirism:cursed_roots":1,"vampirism:garlic":3,"minecraft:coal_ore":149,"minecraft:cocoa":1,"minecraft:gravel":12,"minecraft:cobweb":19,"minecraft:gold_ore":50},"minecraft:broken":{"minecraft:iron_boots":2,"minecraft:stone_axe":1,"minecraft:iron_sword":2,"vampirism:armor_of_swiftness_legs_ultimate":1,"minecraft:iron_axe":1,"minecraft:iron_helmet":2,"vampirism:armor_of_swiftness_feet_ultimate":1}},"DataVersion":2586}