{"stats":{"minecraft:broken":{"minecraft:stone_pickaxe":1},"minecraft:mined":{"minecraft:tuff":11,"minecraft:white_bed":2,"minecraft:farmland":4,"minecraft:deepslate_diamond_ore":2,"minecraft:brewing_stand":1,"minecraft:obsidian":2,"minecraft:acacia_log":6,"minecraft:grass_block":7,"minecraft:hay_block":33,"minecraft:iron_ore":18,"minecraft:fire":1,"minecraft:andesite":1,"minecraft:deepslate_lapis_ore":2,"minecraft:peony":2,"minecraft:deepslate_iron_ore":17,"minecraft:stone":61,"minecraft:oak_slab":1,"minecraft:dandelion":1,"minecraft:torch":1,"minecraft:short_grass":30,"minecraft:poppy":1,"minecraft:melon":8,"minecraft:tall_grass":4,"minecraft:deepslate_gold_ore":4,"minecraft:sugar_cane":11,"minecraft:oak_planks":3,"minecraft:wall_torch":2,"minecraft:wheat":7,"minecraft:black_wool":1,"minecraft:oak_log":25,"minecraft:coal_ore":19,"minecraft:gravel":8,"minecraft:dirt":15,"minecraft:acacia_planks":4,"minecraft:oak_leaves":7,"minecraft:deepslate":88},"minecraft:killed_by":{"minecraft:zombie":2},"minecraft:custom":{"minecraft:mob_kills":42,"minecraft:interact_with_crafting_table":30,"minecraft:bell_ring":18,"minecraft:leave_game":3,"minecraft:time_since_death":42685,"minecraft:sprint_one_cm":244323,"minecraft:walk_one_cm":208899,"minecraft:damage_blocked_by_shield":273,"minecraft:drop":47,"minecraft:talked_to_villager":1,"minecraft:play_time":94283,"minecraft:deaths":3,"minecraft:sneak_time":1779,"minecraft:walk_under_water_one_cm":8958,"minecraft:jump":1794,"minecraft:walk_on_water_one_cm":7912,"minecraft:enchant_item":5,"minecraft:total_world_time":94283,"minecraft:interact_with_furnace":19,"minecraft:sleep_in_bed":2,"minecraft:time_since_rest":10174,"minecraft:damage_taken":1371,"minecraft:damage_dealt":5577,"minecraft:swim_one_cm":23520,"minecraft:fly_one_cm":331410,"minecraft:crouch_one_cm":4770,"minecraft:fall_one_cm":42441},"minecraft:used":{"minecraft:stone_sword":54,"minecraft:poppy":1,"minecraft:shield":7,"minecraft:stone_hoe":102,"minecraft:rotten_flesh":7,"minecraft:oak_door":3,"minecraft:torch":79,"minecraft:dirt":24,"minecraft:tuff":11,"minecraft:furnace":4,"minecraft:acacia_planks":4,"minecraft:cobbled_deepslate":55,"minecraft:wheat_seeds":9,"minecraft:water_bucket":26,"minecraft:diorite":2,"minecraft:stone_pickaxe":165,"minecraft:oak_planks":1,"minecraft:wooden_pickaxe":33,"minecraft:diamond_axe":1,"minecraft:sugar_cane":4,"minecraft:oak_slab":7,"minecraft:crafting_table":9,"minecraft:white_bed":2,"minecraft:diamond_pickaxe":4,"minecraft:black_wool":2,"minecraft:acacia_door":3,"minecraft:iron_pickaxe":46,"minecraft:melon_slice":9,"minecraft:bread":17,"minecraft:oak_button":1,"minecraft:gravel":3,"minecraft:stone_axe":54,"minecraft:diamond_sword":36,"minecraft:cobblestone":2,"minecraft:bucket":27,"minecraft:oak_boat":1,"minecraft:dandelion":1},"minecraft:crafted":{"minecraft:oak_door":3,"minecraft:oak_planks":100,"minecraft:furnace":4,"minecraft:diamond_helmet":1,"minecraft:diamond_leggings":1,"minecraft:stone_pickaxe":2,"minecraft:diamond_boots":1,"minecraft:oak_button":1,"minecraft:stone_hoe":1,"minecraft:golden_boots":1,"minecraft:wheat":108,"minecraft:oak_slab":6,"minecraft:diamond_sword":1,"minecraft:diamond_axe":1,"minecraft:crafting_table":9,"minecraft:wooden_pickaxe":1,"minecraft:bucket":1,"minecraft:stone_axe":1,"minecraft:bread":36,"minecraft:air":0,"minecraft:oak_boat":1,"minecraft:iron_chestplate":1,"minecraft:diamond_pickaxe":1,"minecraft:shield":1,"minecraft:stick":44,"minecraft:iron_ingot":15,"minecraft:iron_pickaxe":1,"minecraft:stone_sword":1,"minecraft:acacia_door":3,"minecraft:gold_ingot":4,"minecraft:white_bed":1,"minecraft:acacia_planks":24,"minecraft:torch":76,"minecraft:diamond_chestplate":1},"minecraft:dropped":{"minecraft:stone_hoe":2,"minecraft:porkchop":2,"minecraft:wheat_seeds":25,"minecraft:oak_log":23,"minecraft:diamond":5,"minecraft:melon_slice":28,"minecraft:brown_wool":2,"minecraft:armadillo_scute":1,"minecraft:white_wool":3,"minecraft:gravel":5,"minecraft:sugar_cane":1,"minecraft:wheat":1,"minecraft:obsidian":4,"minecraft:raw_iron":7,"minecraft:chicken":4,"minecraft:rotten_flesh":9,"minecraft:peony":3,"minecraft:melon_seeds":7,"minecraft:spider_eye":1,"minecraft:beef":6,"minecraft:wooden_pickaxe":2},"minecraft:picked_up":{"minecraft:iron_chestplate":2,"minecraft:wheat":7,"minecraft:chicken":4,"minecraft:wooden_pickaxe":4,"minecraft:brewing_stand":1,"minecraft:shield":2,"minecraft:string":7,"minecraft:cobbled_deepslate":132,"minecraft:beef":6,"minecraft:poppy":3,"minecraft:iron_pickaxe":1,"minecraft:melon_slice":94,"minecraft:sugar_cane":7,"minecraft:stick":9,"minecraft:raw_iron":55,"minecraft:torch":30,"minecraft:acacia_log":6,"minecraft:porkchop":2,"minecraft:diorite":6,"minecraft:arrow":8,"minecraft:stone_sword":3,"minecraft:rotten_flesh":31,"minecraft:peony":3,"minecraft:hay_block":33,"minecraft:armadillo_scute":4,"minecraft:obsidian":4,"minecraft:mutton":27,"minecraft:cobblestone":79,"minecraft:white_wool":6,"minecraft:feather":5,"minecraft:brown_wool":2,"minecraft:leather":3,"minecraft:tuff":22,"minecraft:oak_log":77,"minecraft:lapis_lazuli":20,"minecraft:dirt":24,"minecraft:bone":6,"minecraft:acacia_planks":6,"minecraft:wheat_seeds":40,"minecraft:raw_gold":8,"minecraft:iron_ingot":1,"minecraft:stone_pickaxe":3,"minecraft:stone_hoe":4,"minecraft:oak_planks":16,"minecraft:oak_slab":1,"minecraft:dandelion":1,"minecraft:gravel":11,"minecraft:white_bed":2,"minecraft:spider_eye":2,"minecraft:diamond":41,"minecraft:stone_axe":3,"minecraft:bread":184,"minecraft:melon_seeds":7,"minecraft:black_wool":2,"minecraft:coal":31},"minecraft:killed":{"minecraft:armadillo":1,"minecraft:spider":3,"minecraft:skeleton":3,"minecraft:chicken":4,"minecraft:drowned":1,"minecraft:pig":1,"minecraft:creeper":1,"minecraft:sheep":14,"minecraft:zombie":10,"minecraft:villager":1,"minecraft:cow":3}},"DataVersion":3953}