{"stats":{"minecraft:used":{"minecraft:stone_sword":54,"minecraft:enchanting_table":3,"minecraft:flint_and_steel":21,"minecraft:poppy":3,"minecraft:chest":1,"minecraft:shield":28,"minecraft:rotten_flesh":7,"minecraft:mossy_stone_brick_slab":3,"minecraft:stone_hoe":111,"minecraft:netherrack":115,"minecraft:oak_door":3,"minecraft:orange_bed":4,"minecraft:torch":79,"minecraft:brewing_stand":1,"minecraft:soul_sand":10,"minecraft:dirt":50,"minecraft:jungle_planks":7,"minecraft:nether_bricks":45,"minecraft:tuff":11,"minecraft:obsidian":9,"minecraft:lava_bucket":1,"minecraft:bookshelf":9,"minecraft:basalt":22,"minecraft:light_gray_wool":2,"minecraft:bow":4,"minecraft:tall_grass":1,"minecraft:hay_block":14,"minecraft:furnace":5,"minecraft:acacia_wood":5,"minecraft:cobbled_deepslate":119,"minecraft:acacia_planks":50,"minecraft:water_bucket":86,"minecraft:short_grass":1,"minecraft:wheat_seeds":9,"minecraft:diorite":10,"minecraft:stone_pickaxe":165,"minecraft:oak_planks":22,"minecraft:wooden_pickaxe":33,"minecraft:diamond_axe":154,"minecraft:sugar_cane":25,"minecraft:jungle_boat":1,"minecraft:oak_slab":7,"minecraft:crafting_table":18,"minecraft:brown_banner":3,"minecraft:spider_eye":1,"minecraft:white_bed":4,"minecraft:black_wool":5,"minecraft:diamond_pickaxe":409,"minecraft:acacia_sign":10,"minecraft:acacia_door":27,"minecraft:iron_pickaxe":132,"minecraft:melon_slice":9,"minecraft:oak_button":1,"minecraft:bread":105,"minecraft:stone_slab":6,"minecraft:gravel":12,"minecraft:stone_axe":75,"minecraft:fire_charge":2,"minecraft:diamond_sword":295,"minecraft:dandelion":1,"minecraft:cobblestone":43,"minecraft:gray_wool":1,"minecraft:oak_boat":1,"minecraft:grindstone":1,"minecraft:bucket":88},"minecraft:picked_up":{"minecraft:iron_chestplate":3,"minecraft:wheat":18,"minecraft:splash_potion":1,"minecraft:chicken":10,"minecraft:stone_slab":1,"minecraft:diamond_sword":1,"minecraft:wooden_pickaxe":4,"minecraft:gold_block":1,"minecraft:brewing_stand":2,"minecraft:shield":3,"minecraft:string":35,"minecraft:acacia_door":8,"minecraft:blackstone":10,"minecraft:diamond_leggings":1,"minecraft:gold_nugget":2,"minecraft:cobbled_deepslate":192,"minecraft:acacia_sign":1,"minecraft:beef":23,"minecraft:iron_nugget":46,"minecraft:poppy":7,"minecraft:iron_pickaxe":2,"minecraft:light_gray_wool":2,"minecraft:melon_slice":94,"minecraft:sugar_cane":173,"minecraft:stick":9,"minecraft:raw_iron":57,"minecraft:torch":31,"minecraft:acacia_log":81,"minecraft:fire_charge":2,"minecraft:porkchop":2,"minecraft:diorite":14,"minecraft:orange_bed":5,"minecraft:stone_sword":4,"minecraft:arrow":26,"minecraft:rotten_flesh":61,"minecraft:diamond_chestplate":1,"minecraft:peony":3,"minecraft:nether_bricks":61,"minecraft:diamond_boots":1,"minecraft:hay_block":60,"minecraft:armadillo_scute":6,"minecraft:gold_ingot":14,"minecraft:blaze_rod":6,"minecraft:obsidian":15,"minecraft:mutton":71,"minecraft:white_wool":50,"minecraft:cobblestone":141,"minecraft:enchanting_table":2,"minecraft:nautilus_shell":3,"minecraft:feather":27,"minecraft:basalt":22,"minecraft:magma_cream":2,"minecraft:water_bucket":1,"minecraft:jungle_log":9,"minecraft:leather":26,"minecraft:brown_wool":5,"minecraft:acacia_wood":16,"minecraft:tuff":22,"minecraft:oak_log":86,"minecraft:golden_boots":1,"minecraft:lapis_lazuli":46,"minecraft:dirt":51,"minecraft:bone":27,"minecraft:acacia_planks":6,"minecraft:bow":1,"minecraft:wheat_seeds":80,"minecraft:raw_gold":8,"minecraft:iron_ingot":1,"minecraft:stone_pickaxe":4,"minecraft:mossy_stone_bricks":1,"minecraft:diamond_helmet":1,"minecraft:stone_hoe":5,"minecraft:oak_planks":33,"minecraft:acacia_sapling":1,"minecraft:soul_sand":18,"minecraft:book":15,"minecraft:oak_slab":1,"minecraft:quartz":21,"minecraft:dandelion":4,"minecraft:gravel":44,"minecraft:white_bed":4,"minecraft:ink_sac":2,"minecraft:crying_obsidian":4,"minecraft:mossy_stone_brick_slab":3,"minecraft:spider_eye":3,"minecraft:diamond":45,"minecraft:stone_axe":5,"minecraft:granite":4,"minecraft:diamond_axe":1,"minecraft:gray_wool":3,"minecraft:bread":320,"minecraft:netherrack":123,"minecraft:melon_seeds":16,"minecraft:brown_banner":5,"minecraft:black_wool":5,"minecraft:coal":32,"minecraft:diamond_pickaxe":1},"minecraft:dropped":{"minecraft:stone_hoe":3,"minecraft:acacia_wood":7,"minecraft:iron_ingot":9,"minecraft:soul_sand":8,"minecraft:porkchop":2,"minecraft:wheat_seeds":28,"minecraft:oak_log":23,"minecraft:diamond":5,"minecraft:feather":9,"minecraft:acacia_log":30,"minecraft:mutton":18,"minecraft:melon_slice":28,"minecraft:brown_wool":2,"minecraft:gold_nugget":2,"minecraft:armadillo_scute":3,"minecraft:acacia_door":7,"minecraft:white_wool":3,"minecraft:dandelion":2,"minecraft:gold_ingot":23,"minecraft:gravel":29,"minecraft:stone_axe":1,"minecraft:blackstone":10,"minecraft:sugar_cane":2,"minecraft:iron_nugget":1,"minecraft:stone_sword":1,"minecraft:blaze_rod":6,"minecraft:wheat":8,"minecraft:obsidian":4,"minecraft:raw_iron":7,"minecraft:chicken":4,"minecraft:rotten_flesh":14,"minecraft:peony":3,"minecraft:iron_chestplate":1,"minecraft:melon_seeds":15,"minecraft:jungle_log":1,"minecraft:spider_eye":1,"minecraft:beef":8,"minecraft:stone_pickaxe":1,"minecraft:wooden_pickaxe":2,"minecraft:quartz":21,"minecraft:netherrack":8},"minecraft:killed":{"minecraft:armadillo":3,"minecraft:zombified_piglin":2,"minecraft:spider":4,"minecraft:skeleton":18,"minecraft:chicken":7,"minecraft:drowned":2,"minecraft:magma_cube":10,"minecraft:piglin":1,"minecraft:pig":1,"minecraft:salmon":1,"minecraft:creeper":1,"minecraft:squid":2,"minecraft:sheep":17,"minecraft:zombie":21,"minecraft:wither_skeleton":7,"minecraft:villager":1,"minecraft:blaze":10,"minecraft:enderman":3,"minecraft:cow":8},"minecraft:custom":{"minecraft:mob_kills":122,"minecraft:interact_with_crafting_table":65,"minecraft:bell_ring":22,"minecraft:leave_game":5,"minecraft:time_since_death":246056,"minecraft:climb_one_cm":3867,"minecraft:sprint_one_cm":836659,"minecraft:walk_one_cm":657585,"minecraft:damage_blocked_by_shield":1607,"minecraft:drop":102,"minecraft:talked_to_villager":40,"minecraft:play_time":347519,"minecraft:sneak_time":6566,"minecraft:deaths":4,"minecraft:walk_under_water_one_cm":47200,"minecraft:boat_one_cm":152297,"minecraft:interact_with_brewingstand":1,"minecraft:jump":7440,"minecraft:enchant_item":9,"minecraft:walk_on_water_one_cm":64588,"minecraft:total_world_time":347519,"minecraft:interact_with_furnace":29,"minecraft:interact_with_grindstone":2,"minecraft:sleep_in_bed":9,"minecraft:time_since_rest":3503,"minecraft:damage_taken":4535,"minecraft:damage_dealt":19004,"minecraft:swim_one_cm":321555,"minecraft:fly_one_cm":1478673,"minecraft:open_chest":58,"minecraft:crouch_one_cm":18286,"minecraft:fall_one_cm":157071},"minecraft:mined":{"minecraft:crying_obsidian":2,"minecraft:tuff":11,"minecraft:white_bed":3,"minecraft:farmland":4,"minecraft:deepslate_diamond_ore":4,"minecraft:mossy_stone_brick_slab":3,"minecraft:jungle_leaves":4,"minecraft:brewing_stand":1,"minecraft:obsidian":15,"minecraft:nether_bricks":53,"minecraft:granite":4,"minecraft:acacia_log":82,"minecraft:grass_block":10,"minecraft:jungle_log":9,"minecraft:spawner":1,"minecraft:hay_block":39,"minecraft:magma_block":1,"minecraft:iron_ore":18,"minecraft:fire":48,"minecraft:acacia_wood":16,"minecraft:andesite":2,"minecraft:deepslate_lapis_ore":2,"minecraft:enchanting_table":1,"minecraft:peony":2,"minecraft:gold_block":1,"minecraft:mossy_stone_brick_stairs":1,"minecraft:vine":7,"minecraft:bookshelf":5,"minecraft:deepslate_iron_ore":19,"minecraft:rail":1,"minecraft:bamboo":12,"minecraft:stone":120,"minecraft:orange_bed":5,"minecraft:oak_slab":1,"minecraft:glass_pane":1,"minecraft:acacia_leaves":5,"minecraft:soul_fire":8,"minecraft:basalt":24,"minecraft:dandelion":2,"minecraft:torch":1,"minecraft:short_grass":187,"minecraft:calcite":70,"minecraft:poppy":4,"minecraft:melon":9,"minecraft:stone_slab":1,"minecraft:tall_grass":43,"minecraft:deepslate_gold_ore":4,"minecraft:lapis_ore":3,"minecraft:oak_planks":3,"minecraft:sugar_cane":137,"minecraft:wall_torch":2,"minecraft:diorite":5,"minecraft:amethyst_block":3,"minecraft:seagrass":1,"minecraft:wheat":11,"minecraft:brown_wall_banner":5,"minecraft:black_wool":3,"minecraft:coal_ore":19,"minecraft:oak_log":34,"minecraft:acacia_wall_sign":1,"minecraft:gravel":17,"minecraft:dirt":24,"minecraft:cobweb":12,"minecraft:smooth_basalt":29,"minecraft:acacia_planks":5,"minecraft:deepslate":148,"minecraft:stone_bricks":4,"minecraft:netherrack":138,"minecraft:oak_leaves":18,"minecraft:fern":20},"minecraft:killed_by":{"minecraft:player":1,"minecraft:zombie":2},"minecraft:crafted":{"minecraft:black_dye":1,"minecraft:grindstone":1,"minecraft:oak_door":3,"minecraft:oak_planks":136,"minecraft:furnace":5,"minecraft:stone":3,"minecraft:bone_meal":3,"minecraft:bookshelf":9,"minecraft:diamond_helmet":1,"minecraft:bow":1,"minecraft:diamond_leggings":1,"minecraft:stone_pickaxe":2,"minecraft:chest":1,"minecraft:diamond_boots":1,"minecraft:oak_button":1,"minecraft:stone_hoe":1,"minecraft:red_dye":1,"minecraft:golden_boots":1,"minecraft:wheat":225,"minecraft:oak_slab":6,"minecraft:diamond_sword":1,"minecraft:diamond_axe":1,"minecraft:crafting_table":18,"minecraft:enchanting_table":1,"minecraft:jungle_boat":1,"minecraft:wooden_pickaxe":1,"minecraft:bucket":1,"minecraft:stone_axe":1,"minecraft:air":0,"minecraft:bread":75,"minecraft:jungle_planks":32,"minecraft:oak_boat":1,"minecraft:iron_chestplate":1,"minecraft:book":30,"minecraft:paper":111,"minecraft:diamond_pickaxe":1,"minecraft:acacia_sign":9,"minecraft:shield":2,"minecraft:stick":60,"minecraft:stone_slab":6,"minecraft:iron_ingot":29,"minecraft:iron_pickaxe":1,"minecraft:stone_sword":1,"minecraft:acacia_door":27,"minecraft:gold_ingot":13,"minecraft:white_bed":1,"minecraft:acacia_planks":220,"minecraft:torch":76,"minecraft:shears":1,"minecraft:diamond_chestplate":1},"minecraft:broken":{"minecraft:stone_pickaxe":1}},"DataVersion":3953}