{"stats":{"minecraft:broken":{"minecraft:stone_pickaxe":1,"minecraft:stone_axe":1,"minecraft:shield":1},"minecraft:mined":{"minecraft:attached_melon_stem":2,"minecraft:white_bed":3,"minecraft:farmland":4,"minecraft:mossy_stone_brick_slab":3,"minecraft:jungle_leaves":4,"minecraft:brewing_stand":1,"minecraft:obsidian":17,"minecraft:granite":4,"minecraft:acacia_log":85,"minecraft:grass_block":277,"minecraft:jungle_log":9,"minecraft:soul_soil":27,"minecraft:spawner":1,"minecraft:magma_block":1,"minecraft:iron_ore":18,"minecraft:fire":71,"minecraft:deepslate_lapis_ore":2,"minecraft:enchanting_table":1,"minecraft:dirt_path":109,"minecraft:orange_bed":5,"minecraft:melon_stem":6,"minecraft:soul_fire":13,"minecraft:torch":1,"minecraft:calcite":70,"minecraft:poppy":4,"minecraft:melon":9,"minecraft:chest":1,"minecraft:cobblestone":2,"minecraft:sugar_cane":140,"minecraft:oak_planks":3,"minecraft:iron_door":2,"minecraft:wall_torch":2,"minecraft:amethyst_block":3,"minecraft:seagrass":1,"minecraft:wheat":217,"minecraft:brown_wall_banner":7,"minecraft:oak_log":34,"minecraft:sand":4,"minecraft:dirt":1135,"minecraft:smooth_basalt":29,"minecraft:netherrack":309,"minecraft:oak_leaves":18,"minecraft:deepslate":148,"minecraft:nether_gold_ore":35,"minecraft:crying_obsidian":3,"minecraft:tuff":11,"minecraft:deepslate_diamond_ore":4,"minecraft:nether_bricks":64,"minecraft:hay_block":39,"minecraft:acacia_wood":16,"minecraft:andesite":2,"minecraft:peony":2,"minecraft:gold_block":1,"minecraft:mossy_stone_brick_stairs":1,"minecraft:bookshelf":5,"minecraft:deepslate_iron_ore":19,"minecraft:vine":7,"minecraft:rail":1,"minecraft:bamboo":12,"minecraft:stone":120,"minecraft:bone_block":76,"minecraft:oak_slab":1,"minecraft:acacia_leaves":5,"minecraft:glass_pane":4,"minecraft:basalt":63,"minecraft:dandelion":2,"minecraft:short_grass":207,"minecraft:stone_slab":1,"minecraft:tall_grass":43,"minecraft:lapis_ore":3,"minecraft:deepslate_gold_ore":4,"minecraft:diorite":5,"minecraft:black_wool":3,"minecraft:coal_ore":19,"minecraft:gravel":17,"minecraft:acacia_door":1,"minecraft:cobweb":12,"minecraft:acacia_planks":8,"minecraft:stripped_acacia_wood":1,"minecraft:stone_bricks":4,"minecraft:acacia_wall_sign":2,"minecraft:fern":20},"minecraft:killed_by":{"minecraft:zombie":2,"minecraft:player":1},"minecraft:custom":{"minecraft:interact_with_crafting_table":72,"minecraft:bell_ring":22,"minecraft:leave_game":6,"minecraft:time_since_death":363578,"minecraft:sprint_one_cm":1189209,"minecraft:damage_blocked_by_shield":2772,"minecraft:drop":140,"minecraft:talked_to_villager":47,"minecraft:play_time":465041,"minecraft:deaths":4,"minecraft:jump":9577,"minecraft:interact_with_brewingstand":1,"minecraft:walk_on_water_one_cm":92580,"minecraft:enchant_item":10,"minecraft:interact_with_furnace":33,"minecraft:sleep_in_bed":9,"minecraft:damage_dealt":37733,"minecraft:crouch_one_cm":32939,"minecraft:mob_kills":292,"minecraft:climb_one_cm":3867,"minecraft:walk_one_cm":1117657,"minecraft:sneak_time":12226,"minecraft:walk_under_water_one_cm":53658,"minecraft:boat_one_cm":152297,"minecraft:total_world_time":465041,"minecraft:interact_with_grindstone":2,"minecraft:time_since_rest":121025,"minecraft:damage_taken":7682,"minecraft:swim_one_cm":328575,"minecraft:fly_one_cm":1864765,"minecraft:open_chest":90,"minecraft:fall_one_cm":186463},"minecraft:used":{"minecraft:poppy":3,"minecraft:chest":5,"minecraft:shield":55,"minecraft:mossy_stone_brick_slab":3,"minecraft:rotten_flesh":7,"minecraft:soul_sand":11,"minecraft:jungle_planks":7,"minecraft:nether_bricks":56,"minecraft:tuff":11,"minecraft:obsidian":9,"minecraft:lava_bucket":1,"minecraft:bow":12,"minecraft:hay_block":14,"minecraft:furnace":5,"minecraft:short_grass":1,"minecraft:diorite":10,"minecraft:wither_skeleton_skull":1,"minecraft:stone_pickaxe":165,"minecraft:oak_planks":22,"minecraft:wooden_pickaxe":33,"minecraft:diamond_axe":208,"minecraft:sugar_cane":36,"minecraft:jungle_boat":1,"minecraft:sand":1,"minecraft:lever":1,"minecraft:acacia_door":28,"minecraft:bread":177,"minecraft:melon_slice":9,"minecraft:iron_door":2,"minecraft:gravel":12,"minecraft:diamond_sword":614,"minecraft:fire_charge":3,"minecraft:grindstone":1,"minecraft:oak_boat":1,"minecraft:bone_meal":741,"minecraft:enchanting_table":3,"minecraft:stone_sword":54,"minecraft:flint_and_steel":22,"minecraft:stone_hoe":111,"minecraft:netherrack":282,"minecraft:oak_door":3,"minecraft:orange_bed":4,"minecraft:torch":80,"minecraft:brewing_stand":1,"minecraft:dirt":101,"minecraft:bookshelf":9,"minecraft:light_gray_wool":2,"minecraft:basalt":55,"minecraft:soul_soil":14,"minecraft:tall_grass":1,"minecraft:acacia_wood":5,"minecraft:acacia_planks":65,"minecraft:cobbled_deepslate":119,"minecraft:wheat_seeds":588,"minecraft:water_bucket":91,"minecraft:oak_slab":7,"minecraft:crafting_table":20,"minecraft:brown_banner":7,"minecraft:spider_eye":1,"minecraft:white_bed":4,"minecraft:black_wool":5,"minecraft:diamond_pickaxe":751,"minecraft:diamond_shovel":1518,"minecraft:acacia_sign":12,"minecraft:oak_button":1,"minecraft:iron_pickaxe":132,"minecraft:stone_slab":6,"minecraft:stone_axe":134,"minecraft:cobblestone":43,"minecraft:bucket":92,"minecraft:dandelion":1,"minecraft:gray_wool":1},"minecraft:dropped":{"minecraft:acacia_wood":7,"minecraft:soul_sand":8,"minecraft:porkchop":2,"minecraft:oak_log":23,"minecraft:diamond":6,"minecraft:dirt":491,"minecraft:mutton":18,"minecraft:gold_nugget":2,"minecraft:sand":2,"minecraft:acacia_door":7,"minecraft:white_wool":3,"minecraft:gold_ingot":46,"minecraft:gravel":29,"minecraft:stone_axe":1,"minecraft:blackstone":10,"minecraft:sugar_cane":3,"minecraft:iron_nugget":1,"minecraft:nether_brick":12,"minecraft:wheat":203,"minecraft:obsidian":4,"minecraft:rotten_flesh":16,"minecraft:melon_seeds":16,"minecraft:jungle_log":1,"minecraft:arrow":7,"minecraft:beef":8,"minecraft:quartz":21,"minecraft:netherrack":8,"minecraft:stone_hoe":3,"minecraft:iron_ingot":9,"minecraft:wheat_seeds":28,"minecraft:feather":9,"minecraft:acacia_log":30,"minecraft:melon_slice":28,"minecraft:brown_wool":2,"minecraft:armadillo_scute":3,"minecraft:dandelion":2,"minecraft:blaze_rod":6,"minecraft:stone_sword":4,"minecraft:raw_iron":7,"minecraft:chicken":4,"minecraft:peony":3,"minecraft:iron_chestplate":1,"minecraft:golden_sword":1,"minecraft:spider_eye":1,"minecraft:stone_pickaxe":1,"minecraft:wooden_pickaxe":2},"minecraft:crafted":{"minecraft:black_dye":1,"minecraft:grindstone":1,"minecraft:oak_planks":136,"minecraft:stone":3,"minecraft:lever":1,"minecraft:diamond_shovel":1,"minecraft:bookshelf":9,"minecraft:diamond_helmet":1,"minecraft:bow":1,"minecraft:diamond_leggings":1,"minecraft:chest":4,"minecraft:oak_button":1,"minecraft:stone_hoe":1,"minecraft:golden_boots":1,"minecraft:oak_slab":6,"minecraft:diamond_axe":1,"minecraft:crafting_table":20,"minecraft:jungle_boat":1,"minecraft:wooden_pickaxe":1,"minecraft:book":30,"minecraft:iron_chestplate":1,"minecraft:paper":111,"minecraft:diamond_pickaxe":1,"minecraft:shield":2,"minecraft:stick":60,"minecraft:stone_slab":6,"minecraft:iron_ingot":29,"minecraft:iron_pickaxe":1,"minecraft:stone_sword":1,"minecraft:acacia_door":27,"minecraft:gold_ingot":24,"minecraft:shears":1,"minecraft:oak_door":3,"minecraft:furnace":5,"minecraft:bone_meal":741,"minecraft:stone_pickaxe":2,"minecraft:diamond_boots":1,"minecraft:wheat":225,"minecraft:red_dye":1,"minecraft:diamond_sword":1,"minecraft:enchanting_table":1,"minecraft:bucket":1,"minecraft:stone_axe":1,"minecraft:bread":75,"minecraft:air":0,"minecraft:jungle_planks":32,"minecraft:oak_boat":1,"minecraft:acacia_sign":9,"minecraft:white_bed":1,"minecraft:acacia_planks":244,"minecraft:torch":76,"minecraft:diamond_chestplate":1},"minecraft:picked_up":{"minecraft:iron_chestplate":3,"minecraft:wheat":209,"minecraft:stone_slab":1,"minecraft:diamond_sword":1,"minecraft:nether_brick":12,"minecraft:brewing_stand":2,"minecraft:golden_sword":1,"minecraft:string":41,"minecraft:soul_soil":28,"minecraft:diamond_leggings":1,"minecraft:gold_nugget":148,"minecraft:cobbled_deepslate":192,"minecraft:acacia_sign":4,"minecraft:iron_pickaxe":2,"minecraft:melon_slice":94,"minecraft:stick":9,"minecraft:torch":31,"minecraft:acacia_log":86,"minecraft:porkchop":2,"minecraft:diorite":14,"minecraft:orange_bed":5,"minecraft:stone_sword":7,"minecraft:rotten_flesh":64,"minecraft:armadillo_scute":6,"minecraft:blaze_rod":22,"minecraft:obsidian":19,"minecraft:cobblestone":143,"minecraft:nautilus_shell":3,"minecraft:enchanting_table":2,"minecraft:iron_door":2,"minecraft:feather":27,"minecraft:magma_cream":6,"minecraft:water_bucket":1,"minecraft:jungle_log":9,"minecraft:brown_wool":5,"minecraft:tuff":22,"minecraft:wither_skeleton_skull":1,"minecraft:lapis_lazuli":46,"minecraft:dirt":1530,"minecraft:bone":82,"minecraft:acacia_planks":9,"minecraft:bow":1,"minecraft:wheat_seeds":635,"minecraft:raw_gold":8,"minecraft:diamond_helmet":1,"minecraft:mossy_stone_bricks":1,"minecraft:stone_hoe":5,"minecraft:oak_planks":33,"minecraft:stripped_acacia_wood":1,"minecraft:sand":3,"minecraft:ink_sac":7,"minecraft:spectral_arrow":6,"minecraft:diamond":45,"minecraft:granite":4,"minecraft:bread":320,"minecraft:netherrack":294,"minecraft:diamond_pickaxe":1,"minecraft:splash_potion":3,"minecraft:chicken":10,"minecraft:wooden_pickaxe":4,"minecraft:gold_block":1,"minecraft:shield":3,"minecraft:acacia_door":9,"minecraft:blackstone":10,"minecraft:beef":23,"minecraft:iron_nugget":46,"minecraft:poppy":7,"minecraft:light_gray_wool":2,"minecraft:sugar_cane":183,"minecraft:chest":1,"minecraft:raw_iron":57,"minecraft:copper_ingot":1,"minecraft:fire_charge":3,"minecraft:diamond_chestplate":1,"minecraft:arrow":38,"minecraft:peony":3,"minecraft:nether_bricks":72,"minecraft:diamond_boots":1,"minecraft:hay_block":60,"minecraft:gold_ingot":27,"minecraft:mutton":71,"minecraft:white_wool":50,"minecraft:bone_block":78,"minecraft:basalt":55,"minecraft:leather":26,"minecraft:acacia_wood":16,"minecraft:oak_log":86,"minecraft:golden_boots":1,"minecraft:iron_ingot":1,"minecraft:stone_pickaxe":4,"minecraft:soul_sand":19,"minecraft:acacia_sapling":1,"minecraft:book":15,"minecraft:oak_slab":1,"minecraft:quartz":30,"minecraft:dandelion":4,"minecraft:gravel":44,"minecraft:white_bed":4,"minecraft:crying_obsidian":6,"minecraft:mossy_stone_brick_slab":3,"minecraft:spider_eye":3,"minecraft:stone_axe":5,"minecraft:diamond_axe":1,"minecraft:gray_wool":3,"minecraft:black_wool":5,"minecraft:brown_banner":8,"minecraft:melon_seeds":32,"minecraft:coal":46},"minecraft:killed":{"minecraft:zombified_piglin":18,"minecraft:spider":4,"minecraft:skeleton":25,"minecraft:chicken":7,"minecraft:magma_cube":91,"minecraft:piglin":2,"minecraft:pig":1,"minecraft:salmon":1,"minecraft:creeper":1,"minecraft:sheep":17,"minecraft:zombie":21,"minecraft:cow":8,"minecraft:blaze":36,"minecraft:armadillo":3,"minecraft:drowned":5,"minecraft:squid":2,"minecraft:wither_skeleton":42,"minecraft:villager":1,"minecraft:enderman":3}},"DataVersion":3953}