{"stats":{"minecraft:broken":{"minecraft:stone_pickaxe":1},"minecraft:mined":{"minecraft:tuff":11,"minecraft:white_bed":3,"minecraft:farmland":4,"minecraft:deepslate_diamond_ore":2,"minecraft:jungle_leaves":1,"minecraft:brewing_stand":1,"minecraft:obsidian":3,"minecraft:nether_bricks":51,"minecraft:acacia_log":6,"minecraft:grass_block":7,"minecraft:hay_block":33,"minecraft:iron_ore":18,"minecraft:fire":7,"minecraft:andesite":1,"minecraft:deepslate_lapis_ore":2,"minecraft:peony":2,"minecraft:gold_block":1,"minecraft:vine":2,"minecraft:deepslate_iron_ore":17,"minecraft:stone":61,"minecraft:oak_slab":1,"minecraft:basalt":24,"minecraft:dandelion":1,"minecraft:torch":1,"minecraft:short_grass":36,"minecraft:poppy":1,"minecraft:melon":8,"minecraft:tall_grass":4,"minecraft:deepslate_gold_ore":4,"minecraft:sugar_cane":11,"minecraft:oak_planks":3,"minecraft:wall_torch":2,"minecraft:wheat":7,"minecraft:black_wool":1,"minecraft:oak_log":25,"minecraft:coal_ore":19,"minecraft:gravel":8,"minecraft:dirt":15,"minecraft:acacia_planks":4,"minecraft:netherrack":70,"minecraft:fern":2,"minecraft:oak_leaves":7,"minecraft:deepslate":88},"minecraft:killed_by":{"minecraft:player":1,"minecraft:zombie":2},"minecraft:custom":{"minecraft:mob_kills":67,"minecraft:interact_with_crafting_table":30,"minecraft:bell_ring":18,"minecraft:leave_game":3,"minecraft:time_since_death":16820,"minecraft:climb_one_cm":1258,"minecraft:sprint_one_cm":281567,"minecraft:walk_one_cm":280430,"minecraft:damage_blocked_by_shield":498,"minecraft:drop":50,"minecraft:talked_to_villager":1,"minecraft:play_time":118283,"minecraft:deaths":4,"minecraft:sneak_time":3532,"minecraft:walk_under_water_one_cm":17071,"minecraft:boat_one_cm":58336,"minecraft:jump":2257,"minecraft:walk_on_water_one_cm":12131,"minecraft:enchant_item":5,"minecraft:total_world_time":118283,"minecraft:interact_with_furnace":19,"minecraft:sleep_in_bed":3,"minecraft:time_since_rest":16844,"minecraft:damage_taken":2117,"minecraft:damage_dealt":8535,"minecraft:swim_one_cm":28456,"minecraft:fly_one_cm":409743,"minecraft:open_chest":4,"minecraft:crouch_one_cm":11416,"minecraft:fall_one_cm":55603},"minecraft:used":{"minecraft:stone_sword":54,"minecraft:poppy":1,"minecraft:shield":13,"minecraft:stone_hoe":111,"minecraft:rotten_flesh":7,"minecraft:netherrack":55,"minecraft:oak_door":3,"minecraft:torch":79,"minecraft:dirt":24,"minecraft:tuff":11,"minecraft:obsidian":1,"minecraft:lava_bucket":1,"minecraft:basalt":22,"minecraft:furnace":4,"minecraft:acacia_planks":4,"minecraft:cobbled_deepslate":59,"minecraft:wheat_seeds":9,"minecraft:water_bucket":56,"minecraft:diorite":2,"minecraft:stone_pickaxe":165,"minecraft:oak_planks":22,"minecraft:wooden_pickaxe":33,"minecraft:diamond_axe":1,"minecraft:sugar_cane":4,"minecraft:oak_slab":7,"minecraft:crafting_table":9,"minecraft:white_bed":4,"minecraft:diamond_pickaxe":68,"minecraft:black_wool":2,"minecraft:acacia_door":3,"minecraft:iron_pickaxe":131,"minecraft:melon_slice":9,"minecraft:bread":25,"minecraft:oak_button":1,"minecraft:gravel":3,"minecraft:stone_axe":54,"minecraft:diamond_sword":96,"minecraft:cobblestone":40,"minecraft:bucket":58,"minecraft:oak_boat":1,"minecraft:dandelion":1},"minecraft:crafted":{"minecraft:oak_door":3,"minecraft:oak_planks":100,"minecraft:furnace":4,"minecraft:diamond_helmet":1,"minecraft:diamond_leggings":1,"minecraft:stone_pickaxe":2,"minecraft:diamond_boots":1,"minecraft:oak_button":1,"minecraft:stone_hoe":1,"minecraft:golden_boots":1,"minecraft:wheat":108,"minecraft:oak_slab":6,"minecraft:diamond_sword":1,"minecraft:diamond_axe":1,"minecraft:crafting_table":9,"minecraft:wooden_pickaxe":1,"minecraft:bucket":1,"minecraft:stone_axe":1,"minecraft:bread":36,"minecraft:air":0,"minecraft:oak_boat":1,"minecraft:iron_chestplate":1,"minecraft:diamond_pickaxe":1,"minecraft:shield":1,"minecraft:stick":44,"minecraft:iron_ingot":15,"minecraft:iron_pickaxe":1,"minecraft:stone_sword":1,"minecraft:acacia_door":3,"minecraft:gold_ingot":4,"minecraft:white_bed":1,"minecraft:acacia_planks":24,"minecraft:torch":76,"minecraft:diamond_chestplate":1},"minecraft:dropped":{"minecraft:stone_hoe":2,"minecraft:porkchop":2,"minecraft:wheat_seeds":25,"minecraft:oak_log":23,"minecraft:diamond":5,"minecraft:melon_slice":28,"minecraft:brown_wool":2,"minecraft:armadillo_scute":1,"minecraft:white_wool":3,"minecraft:gravel":5,"minecraft:sugar_cane":1,"minecraft:blaze_rod":2,"minecraft:wheat":1,"minecraft:obsidian":4,"minecraft:raw_iron":7,"minecraft:chicken":4,"minecraft:rotten_flesh":9,"minecraft:peony":3,"minecraft:iron_chestplate":1,"minecraft:melon_seeds":7,"minecraft:spider_eye":1,"minecraft:beef":6,"minecraft:wooden_pickaxe":2},"minecraft:picked_up":{"minecraft:iron_chestplate":3,"minecraft:wheat":13,"minecraft:chicken":10,"minecraft:diamond_sword":1,"minecraft:wooden_pickaxe":4,"minecraft:gold_block":1,"minecraft:brewing_stand":2,"minecraft:shield":3,"minecraft:string":10,"minecraft:diamond_leggings":1,"minecraft:gold_nugget":2,"minecraft:cobbled_deepslate":132,"minecraft:beef":22,"minecraft:poppy":3,"minecraft:iron_pickaxe":2,"minecraft:melon_slice":94,"minecraft:sugar_cane":9,"minecraft:stick":9,"minecraft:raw_iron":55,"minecraft:torch":30,"minecraft:acacia_log":6,"minecraft:porkchop":2,"minecraft:diorite":6,"minecraft:diamond_chestplate":1,"minecraft:arrow":14,"minecraft:stone_sword":4,"minecraft:rotten_flesh":31,"minecraft:peony":3,"minecraft:nether_bricks":48,"minecraft:diamond_boots":1,"minecraft:hay_block":54,"minecraft:armadillo_scute":5,"minecraft:blaze_rod":2,"minecraft:obsidian":5,"minecraft:mutton":48,"minecraft:cobblestone":83,"minecraft:white_wool":6,"minecraft:feather":18,"minecraft:basalt":22,"minecraft:water_bucket":1,"minecraft:brown_wool":2,"minecraft:leather":16,"minecraft:tuff":22,"minecraft:oak_log":77,"minecraft:golden_boots":1,"minecraft:lapis_lazuli":25,"minecraft:dirt":24,"minecraft:bone":15,"minecraft:acacia_planks":6,"minecraft:wheat_seeds":46,"minecraft:raw_gold":8,"minecraft:iron_ingot":1,"minecraft:stone_pickaxe":4,"minecraft:diamond_helmet":1,"minecraft:stone_hoe":5,"minecraft:oak_planks":33,"minecraft:oak_slab":1,"minecraft:dandelion":1,"minecraft:gravel":11,"minecraft:white_bed":4,"minecraft:spider_eye":2,"minecraft:diamond":43,"minecraft:stone_axe":4,"minecraft:diamond_axe":1,"minecraft:bread":320,"minecraft:netherrack":55,"minecraft:melon_seeds":7,"minecraft:black_wool":2,"minecraft:coal":32,"minecraft:diamond_pickaxe":1},"minecraft:killed":{"minecraft:armadillo":1,"minecraft:zombified_piglin":2,"minecraft:spider":3,"minecraft:skeleton":5,"minecraft:chicken":7,"minecraft:drowned":1,"minecraft:magma_cube":5,"minecraft:pig":1,"minecraft:salmon":1,"minecraft:creeper":1,"minecraft:sheep":14,"minecraft:zombie":10,"minecraft:wither_skeleton":6,"minecraft:villager":1,"minecraft:blaze":1,"minecraft:cow":7}},"DataVersion":3953}