{"stats":{"minecraft:picked_up":{"minecraft:cocoa_beans":3,"minecraft:stone_slab":3,"minecraft:wooden_pickaxe":1,"vampirism:heart_striker_enhanced":1,"minecraft:enchanted_book":1,"vampirism:pure_salt_water":3,"vampirism:holy_water_bottle_normal":5,"minecraft:string":120,"minecraft:item_frame":1,"vampirism:totem_base":1,"minecraft:beef":46,"minecraft:acacia_sign":1,"minecraft:ender_eye":3,"minecraft:poppy":4,"tombstone:dark_marble":2,"minecraft:melon_slice":27,"minecraft:sugar_cane":6,"minecraft:chest":2,"minecraft:furnace":1,"minecraft:egg":9,"minecraft:stick":7,"minecraft:sandstone":9,"minecraft:jungle_door":4,"minecraft:torch":21,"minecraft:acacia_log":42,"mutantbeasts:mutant_skeleton_shoulder_pad":4,"minecraft:sandstone_wall":2,"minecraft:porkchop":11,"vampirism:holy_water_bottle_enhanced":1,"tombstone:grave_dust":18,"minecraft:diorite":19,"minecraft:carrot":2,"vampirism:amulet":2,"minecraft:redstone":33,"minecraft:stone_sword":1,"minecraft:arrow":32,"minecraft:cactus":6,"minecraft:rotten_flesh":77,"mutantbeasts:mutant_skeleton_rib":12,"minecraft:hay_block":63,"tombstone:essence_of_undeath":3,"minecraft:gold_ingot":4,"minecraft:mutton":5,"minecraft:rail":4,"minecraft:white_wool":15,"minecraft:cobblestone":165,"vampirism:weapon_table":1,"mutantbeasts:mutant_skeleton_skull":2,"vampirism:vampire_blood_bottle":3,"minecraft:cooked_beef":3,"vampirism:med_chair":1,"vampirism:item_tent":1,"mutantbeasts:mutant_skeleton_limb":16,"minecraft:andesite":3,"minecraft:cut_sandstone":10,"minecraft:leather":22,"minecraft:potato":1,"minecraft:flint":3,"minecraft:oak_log":11,"minecraft:gunpowder":9,"minecraft:lapis_lazuli":56,"minecraft:dirt":1,"minecraft:cooked_mutton":5,"minecraft:bone":37,"minecraft:wheat_seeds":17,"vampirism:item_garlic":24,"minecraft:iron_ingot":6,"minecraft:stone_pickaxe":2,"minecraft:iron_ore":119,"tombstone:bag_of_seeds":2,"minecraft:bamboo":11,"minecraft:oak_planks":9,"vampirism:pure_salt":2,"minecraft:dandelion":1,"minecraft:gravel":2,"minecraft:sand":258,"tombstone:decorative_grave_simple":1,"minecraft:gold_ore":36,"minecraft:spider_eye":8,"minecraft:mossy_cobblestone":2,"minecraft:leather_helmet":1,"travelersbackpack:standard":1,"tombstone:familiar_stone":4,"minecraft:diamond":6,"mutantbeasts:mutant_skeleton_pelvis":2,"minecraft:granite":2,"tombstone:magic_scroll":3,"minecraft:oak_sapling":3,"minecraft:melon_seeds":2,"minecraft:coal":134,"minecraft:ender_pearl":1},"minecraft:crafted":{"minecraft:oak_planks":44,"spartanshields:shield_basic_iron":1,"vampirism:injection_garlic":2,"minecraft:furnace":7,"minecraft:stone":27,"minecraft:bone_meal":12,"travelersbackpack:gold_tier_upgrade":1,"travelersbackpack:blank_upgrade":4,"minecraft:flint_and_steel":1,"minecraft:cooked_mutton":3,"minecraft:glass_pane":16,"vampirism:injection_empty":2,"minecraft:glass":46,"travelersbackpack:white_sleeping_bag":2,"minecraft:iron_boots":2,"minecraft:stone_pickaxe":1,"minecraft:chest":5,"vampirism:stake":2,"mutantbeasts:mutant_skeleton_arms":1,"mutantbeasts:mutant_skeleton_boots":1,"minecraft:wheat":567,"spartanshields:shield_basic_wood":1,"minecraft:cooked_beef":1,"travelersbackpack:iron_tier_upgrade":1,"mutantbeasts:mutant_skeleton_leggings":1,"minecraft:cooked_porkchop":10,"minecraft:crafting_table":5,"travelersbackpack:backpack_tank":6,"travelersbackpack:standard":2,"minecraft:wooden_pickaxe":1,"minecraft:iron_helmet":2,"tombstone:decorative_grave_simple":2,"minecraft:iron_sword":2,"minecraft:smithing_table":1,"minecraft:bucket":1,"minecraft:stone_axe":1,"minecraft:bread":189,"minecraft:air":0,"minecraft:iron_chestplate":1,"minecraft:acacia_sign":3,"minecraft:stick":44,"minecraft:stone_slab":6,"tombstone:dark_marble":9,"minecraft:iron_ingot":120,"minecraft:iron_pickaxe":2,"minecraft:stone_sword":1,"minecraft:iron_leggings":1,"minecraft:gold_ingot":36,"mutantbeasts:mutant_skeleton_chestplate":1,"minecraft:acacia_planks":120,"minecraft:torch":84,"mutantbeasts:mutant_skeleton_rib_cage":1},"minecraft:custom":{"minecraft:interact_with_smithing_table":3,"minecraft:mob_kills":128,"minecraft:interact_with_crafting_table":70,"minecraft:bell_ring":1,"minecraft:leave_game":4,"minecraft:time_since_death":5169,"minecraft:climb_one_cm":1967,"minecraft:sprint_one_cm":799716,"minecraft:walk_one_cm":581444,"minecraft:damage_blocked_by_shield":1280,"minecraft:drop":50,"minecraft:talked_to_villager":3,"minecraft:sneak_time":3653,"minecraft:deaths":13,"minecraft:walk_under_water_one_cm":38443,"minecraft:jump":5121,"minecraft:walk_on_water_one_cm":69027,"minecraft:interact_with_furnace":127,"minecraft:play_one_minute":283712,"minecraft:sleep_in_bed":8,"minecraft:waystone_activated":5,"minecraft:time_since_rest":5197,"minecraft:damage_taken":7856,"minecraft:damage_dealt":25464,"tombstone:cast_on_ally":1,"minecraft:player_kills":1,"minecraft:swim_one_cm":23909,"minecraft:fly_one_cm":1208846,"minecraft:open_chest":74,"minecraft:crouch_one_cm":7948,"tombstone:undead_killed":70,"minecraft:fall_one_cm":137833},"minecraft:dropped":{"vampirism:item_garlic":6,"minecraft:bread":24,"minecraft:porkchop":11,"minecraft:wheat_seeds":6,"vampirism:stake":1,"minecraft:granite":2,"travelersbackpack:standard":2,"minecraft:rail":4,"minecraft:leather_helmet":1,"minecraft:flint":1,"minecraft:item_frame":1,"minecraft:diorite":18,"minecraft:mutton":5,"minecraft:cut_sandstone":10,"minecraft:jungle_door":4,"tombstone:dark_marble":2,"minecraft:sand":58,"minecraft:iron_pickaxe":1,"minecraft:cactus":3,"vampirism:injection_garlic":1,"minecraft:gold_ingot":4,"tombstone:familiar_stone":1,"minecraft:rotten_flesh":4,"minecraft:oak_planks":1,"vampirism:heart_striker_enhanced":1,"minecraft:glass_pane":14,"minecraft:sandstone_wall":2,"minecraft:poppy":1,"minecraft:sandstone":8,"minecraft:beef":19,"minecraft:stone_pickaxe":1,"minecraft:wooden_pickaxe":1,"minecraft:egg":5},"minecraft:used":{"minecraft:stone_sword":53,"minecraft:flint_and_steel":1,"minecraft:chest":4,"minecraft:iron_sword":386,"minecraft:rotten_flesh":3,"minecraft:torch":113,"minecraft:dirt":1,"vampirism:item_tent":1,"tombstone:decorative_grave_simple":3,"minecraft:lava_bucket":14,"minecraft:furnace":8,"tombstone:gift":13,"minecraft:cooked_beef":4,"minecraft:cooked_mutton":8,"tombstone:scroll_of_mercy":1,"minecraft:diorite":1,"vampirism:weapon_table":1,"minecraft:water_bucket":115,"minecraft:stone_pickaxe":172,"minecraft:oak_planks":13,"minecraft:wooden_pickaxe":10,"minecraft:sandstone":1,"vampirism:item_garlic":3,"minecraft:sugar_cane":6,"minecraft:white_wool":2,"minecraft:sand":75,"minecraft:crafting_table":5,"vampirism:stake":16,"tombstone:bag_of_seeds":2,"minecraft:acacia_sign":4,"minecraft:bread":91,"minecraft:iron_pickaxe":367,"tombstone:magic_scroll":6,"minecraft:stone_slab":9,"tombstone:grave_key":1,"minecraft:gravel":2,"spartanshields:shield_basic_iron":36,"minecraft:stone_axe":38,"travelersbackpack:standard":2,"tombstone:familiar_stone":8,"minecraft:cobblestone":11,"minecraft:smithing_table":1,"minecraft:andesite":3,"minecraft:bucket":138,"vampirism:med_chair":1,"vampirism:totem_base":1,"minecraft:bone_meal":9},"minecraft:broken":{"minecraft:iron_boots":1,"minecraft:iron_sword":1,"minecraft:iron_helmet":1,"vampirism:armor_of_swiftness_legs_ultimate":1},"minecraft:killed_by":{"mutantbeasts:mutant_enderman":2,"minecraft:player":4,"minecraft:creeper":2,"mutantbeasts:mutant_skeleton":4,"mutantbeasts:mutant_creeper":1},"minecraft:killed":{"vampirism:vampire":2,"minecraft:cave_spider":15,"vampirism:advanced_vampire":1,"minecraft:spider":8,"minecraft:skeleton":21,"mutantbeasts:mutant_creeper":1,"minecraft:husk":32,"minecraft:pig":5,"minecraft:creeper":3,"minecraft:squid":1,"mutantbeasts:mutant_skeleton":1,"vampirism:hunter":1,"minecraft:sheep":3,"minecraft:zombie":16,"minecraft:enderman":1,"minecraft:cow":17},"minecraft:mined":{"minecraft:diamond_ore":6,"minecraft:mossy_cobblestone":2,"minecraft:granite":1,"minecraft:acacia_log":30,"minecraft:sandstone":4,"minecraft:spawner":3,"minecraft:hay_block":63,"minecraft:redstone_ore":8,"minecraft:furnace":1,"minecraft:iron_ore":118,"minecraft:andesite":6,"minecraft:bamboo":1,"minecraft:stone":189,"minecraft:white_wool":2,"minecraft:tripwire":2,"minecraft:acacia_leaves":1,"minecraft:melon_stem":1,"minecraft:dandelion":1,"minecraft:torch":4,"minecraft:melon":6,"minecraft:tall_grass":1,"minecraft:stone_slab":2,"minecraft:cobblestone":4,"minecraft:lapis_ore":9,"minecraft:sugar_cane":2,"minecraft:diorite":14,"minecraft:wall_torch":5,"minecraft:cactus":1,"minecraft:wheat":1,"minecraft:birch_leaves":3,"minecraft:tnt":1,"minecraft:grass":24,"vampirism:garlic":3,"minecraft:coal_ore":139,"minecraft:oak_log":11,"minecraft:cocoa":1,"minecraft:sand":63,"minecraft:gravel":10,"minecraft:dirt":1,"tombstone:decorative_grave_simple":1,"minecraft:cobweb":19,"minecraft:acacia_sign":1,"minecraft:gold_ore":37,"minecraft:oak_leaves":4}},"DataVersion":2586}