{"stats":{"minecraft:used":{"minecraft:poppy":3,"minecraft:chest":4,"minecraft:shield":33,"minecraft:mossy_stone_brick_slab":3,"minecraft:rotten_flesh":7,"minecraft:soul_sand":10,"minecraft:jungle_planks":7,"minecraft:nether_bricks":45,"minecraft:tuff":11,"minecraft:obsidian":9,"minecraft:lava_bucket":1,"minecraft:bow":4,"minecraft:hay_block":14,"minecraft:furnace":5,"minecraft:short_grass":1,"minecraft:diorite":10,"minecraft:stone_pickaxe":165,"minecraft:oak_planks":22,"minecraft:wooden_pickaxe":33,"minecraft:diamond_axe":192,"minecraft:sugar_cane":36,"minecraft:jungle_boat":1,"minecraft:sand":1,"minecraft:acacia_door":28,"minecraft:bread":114,"minecraft:melon_slice":9,"minecraft:gravel":12,"minecraft:diamond_sword":295,"minecraft:fire_charge":2,"minecraft:grindstone":1,"minecraft:oak_boat":1,"minecraft:bone_meal":561,"minecraft:enchanting_table":3,"minecraft:stone_sword":54,"minecraft:flint_and_steel":22,"minecraft:stone_hoe":111,"minecraft:netherrack":115,"minecraft:oak_door":3,"minecraft:orange_bed":4,"minecraft:torch":79,"minecraft:brewing_stand":1,"minecraft:dirt":101,"minecraft:bookshelf":9,"minecraft:light_gray_wool":2,"minecraft:basalt":22,"minecraft:tall_grass":1,"minecraft:acacia_wood":5,"minecraft:acacia_planks":58,"minecraft:cobbled_deepslate":119,"minecraft:wheat_seeds":586,"minecraft:water_bucket":86,"minecraft:oak_slab":7,"minecraft:crafting_table":19,"minecraft:brown_banner":7,"minecraft:spider_eye":1,"minecraft:white_bed":4,"minecraft:diamond_pickaxe":467,"minecraft:black_wool":5,"minecraft:diamond_shovel":1491,"minecraft:acacia_sign":12,"minecraft:oak_button":1,"minecraft:iron_pickaxe":132,"minecraft:stone_slab":6,"minecraft:stone_axe":134,"minecraft:cobblestone":43,"minecraft:bucket":88,"minecraft:gray_wool":1,"minecraft:dandelion":1},"minecraft:picked_up":{"minecraft:iron_chestplate":3,"minecraft:wheat":209,"minecraft:stone_slab":1,"minecraft:diamond_sword":1,"minecraft:brewing_stand":2,"minecraft:string":35,"minecraft:diamond_leggings":1,"minecraft:gold_nugget":2,"minecraft:cobbled_deepslate":192,"minecraft:acacia_sign":4,"minecraft:iron_pickaxe":2,"minecraft:melon_slice":94,"minecraft:stick":9,"minecraft:torch":31,"minecraft:acacia_log":83,"minecraft:porkchop":2,"minecraft:diorite":14,"minecraft:orange_bed":5,"minecraft:stone_sword":4,"minecraft:rotten_flesh":62,"minecraft:armadillo_scute":6,"minecraft:blaze_rod":6,"minecraft:obsidian":15,"minecraft:cobblestone":141,"minecraft:nautilus_shell":3,"minecraft:enchanting_table":2,"minecraft:feather":27,"minecraft:magma_cream":2,"minecraft:water_bucket":1,"minecraft:jungle_log":9,"minecraft:brown_wool":5,"minecraft:tuff":22,"minecraft:lapis_lazuli":46,"minecraft:dirt":1530,"minecraft:bone":31,"minecraft:acacia_planks":6,"minecraft:bow":1,"minecraft:wheat_seeds":633,"minecraft:raw_gold":8,"minecraft:diamond_helmet":1,"minecraft:mossy_stone_bricks":1,"minecraft:oak_planks":33,"minecraft:stone_hoe":5,"minecraft:sand":3,"minecraft:ink_sac":7,"minecraft:diamond":45,"minecraft:granite":4,"minecraft:bread":320,"minecraft:netherrack":123,"minecraft:diamond_pickaxe":1,"minecraft:splash_potion":1,"minecraft:chicken":10,"minecraft:wooden_pickaxe":4,"minecraft:gold_block":1,"minecraft:shield":3,"minecraft:acacia_door":9,"minecraft:blackstone":10,"minecraft:beef":23,"minecraft:iron_nugget":46,"minecraft:poppy":7,"minecraft:light_gray_wool":2,"minecraft:sugar_cane":183,"minecraft:chest":1,"minecraft:raw_iron":57,"minecraft:copper_ingot":1,"minecraft:fire_charge":2,"minecraft:diamond_chestplate":1,"minecraft:arrow":29,"minecraft:peony":3,"minecraft:nether_bricks":61,"minecraft:diamond_boots":1,"minecraft:hay_block":60,"minecraft:gold_ingot":14,"minecraft:mutton":71,"minecraft:bone_block":58,"minecraft:white_wool":50,"minecraft:basalt":22,"minecraft:leather":26,"minecraft:acacia_wood":16,"minecraft:oak_log":86,"minecraft:golden_boots":1,"minecraft:iron_ingot":1,"minecraft:stone_pickaxe":4,"minecraft:soul_sand":18,"minecraft:acacia_sapling":1,"minecraft:book":15,"minecraft:oak_slab":1,"minecraft:quartz":21,"minecraft:dandelion":4,"minecraft:gravel":44,"minecraft:white_bed":4,"minecraft:crying_obsidian":4,"minecraft:mossy_stone_brick_slab":3,"minecraft:spider_eye":3,"minecraft:stone_axe":5,"minecraft:diamond_axe":1,"minecraft:gray_wool":3,"minecraft:black_wool":5,"minecraft:brown_banner":8,"minecraft:melon_seeds":32,"minecraft:coal":32},"minecraft:dropped":{"minecraft:acacia_wood":7,"minecraft:soul_sand":8,"minecraft:porkchop":2,"minecraft:oak_log":23,"minecraft:diamond":6,"minecraft:dirt":491,"minecraft:mutton":18,"minecraft:gold_nugget":2,"minecraft:sand":2,"minecraft:acacia_door":7,"minecraft:white_wool":3,"minecraft:gold_ingot":23,"minecraft:gravel":29,"minecraft:stone_axe":1,"minecraft:blackstone":10,"minecraft:sugar_cane":2,"minecraft:iron_nugget":1,"minecraft:wheat":203,"minecraft:obsidian":4,"minecraft:rotten_flesh":14,"minecraft:melon_seeds":16,"minecraft:jungle_log":1,"minecraft:beef":8,"minecraft:quartz":21,"minecraft:netherrack":8,"minecraft:stone_hoe":3,"minecraft:iron_ingot":9,"minecraft:wheat_seeds":28,"minecraft:feather":9,"minecraft:acacia_log":30,"minecraft:melon_slice":28,"minecraft:brown_wool":2,"minecraft:armadillo_scute":3,"minecraft:dandelion":2,"minecraft:blaze_rod":6,"minecraft:stone_sword":1,"minecraft:raw_iron":7,"minecraft:chicken":4,"minecraft:peony":3,"minecraft:iron_chestplate":1,"minecraft:spider_eye":1,"minecraft:stone_pickaxe":1,"minecraft:wooden_pickaxe":2},"minecraft:killed":{"minecraft:zombified_piglin":2,"minecraft:spider":4,"minecraft:skeleton":19,"minecraft:chicken":7,"minecraft:magma_cube":10,"minecraft:piglin":1,"minecraft:pig":1,"minecraft:salmon":1,"minecraft:creeper":1,"minecraft:sheep":17,"minecraft:zombie":21,"minecraft:cow":8,"minecraft:blaze":10,"minecraft:armadillo":3,"minecraft:drowned":4,"minecraft:squid":2,"minecraft:wither_skeleton":7,"minecraft:villager":1,"minecraft:enderman":3},"minecraft:custom":{"minecraft:interact_with_crafting_table":68,"minecraft:bell_ring":22,"minecraft:leave_game":5,"minecraft:time_since_death":294056,"minecraft:sprint_one_cm":941737,"minecraft:damage_blocked_by_shield":2042,"minecraft:drop":117,"minecraft:talked_to_villager":43,"minecraft:play_time":395519,"minecraft:deaths":4,"minecraft:jump":8080,"minecraft:interact_with_brewingstand":1,"minecraft:walk_on_water_one_cm":91810,"minecraft:enchant_item":10,"minecraft:interact_with_furnace":33,"minecraft:sleep_in_bed":9,"minecraft:damage_dealt":19615,"minecraft:crouch_one_cm":22915,"minecraft:mob_kills":125,"minecraft:climb_one_cm":3867,"minecraft:walk_one_cm":883244,"minecraft:sneak_time":8012,"minecraft:walk_under_water_one_cm":53533,"minecraft:boat_one_cm":152297,"minecraft:total_world_time":395519,"minecraft:interact_with_grindstone":2,"minecraft:time_since_rest":51503,"minecraft:damage_taken":4737,"minecraft:swim_one_cm":327019,"minecraft:fly_one_cm":1603202,"minecraft:open_chest":69,"minecraft:fall_one_cm":165104},"minecraft:mined":{"minecraft:white_bed":3,"minecraft:attached_melon_stem":2,"minecraft:farmland":4,"minecraft:mossy_stone_brick_slab":3,"minecraft:jungle_leaves":4,"minecraft:brewing_stand":1,"minecraft:obsidian":15,"minecraft:granite":4,"minecraft:acacia_log":82,"minecraft:grass_block":277,"minecraft:jungle_log":9,"minecraft:spawner":1,"minecraft:magma_block":1,"minecraft:iron_ore":18,"minecraft:fire":48,"minecraft:deepslate_lapis_ore":2,"minecraft:enchanting_table":1,"minecraft:dirt_path":109,"minecraft:orange_bed":5,"minecraft:melon_stem":6,"minecraft:soul_fire":8,"minecraft:torch":1,"minecraft:calcite":70,"minecraft:poppy":4,"minecraft:melon":9,"minecraft:chest":1,"minecraft:sugar_cane":140,"minecraft:oak_planks":3,"minecraft:wall_torch":2,"minecraft:amethyst_block":3,"minecraft:seagrass":1,"minecraft:wheat":214,"minecraft:brown_wall_banner":7,"minecraft:oak_log":34,"minecraft:sand":4,"minecraft:dirt":1135,"minecraft:smooth_basalt":29,"minecraft:netherrack":138,"minecraft:oak_leaves":18,"minecraft:deepslate":148,"minecraft:crying_obsidian":2,"minecraft:tuff":11,"minecraft:deepslate_diamond_ore":4,"minecraft:nether_bricks":53,"minecraft:hay_block":39,"minecraft:acacia_wood":16,"minecraft:andesite":2,"minecraft:peony":2,"minecraft:gold_block":1,"minecraft:mossy_stone_brick_stairs":1,"minecraft:bookshelf":5,"minecraft:deepslate_iron_ore":19,"minecraft:vine":7,"minecraft:rail":1,"minecraft:bamboo":12,"minecraft:stone":120,"minecraft:bone_block":58,"minecraft:oak_slab":1,"minecraft:acacia_leaves":5,"minecraft:glass_pane":4,"minecraft:basalt":24,"minecraft:dandelion":2,"minecraft:short_grass":205,"minecraft:stone_slab":1,"minecraft:tall_grass":43,"minecraft:lapis_ore":3,"minecraft:deepslate_gold_ore":4,"minecraft:diorite":5,"minecraft:black_wool":3,"minecraft:coal_ore":19,"minecraft:gravel":17,"minecraft:acacia_door":1,"minecraft:cobweb":12,"minecraft:acacia_planks":5,"minecraft:stone_bricks":4,"minecraft:acacia_wall_sign":2,"minecraft:fern":20},"minecraft:killed_by":{"minecraft:zombie":2,"minecraft:player":1},"minecraft:crafted":{"minecraft:black_dye":1,"minecraft:grindstone":1,"minecraft:oak_planks":136,"minecraft:stone":3,"minecraft:diamond_shovel":1,"minecraft:bookshelf":9,"minecraft:diamond_helmet":1,"minecraft:diamond_leggings":1,"minecraft:bow":1,"minecraft:chest":3,"minecraft:oak_button":1,"minecraft:stone_hoe":1,"minecraft:golden_boots":1,"minecraft:oak_slab":6,"minecraft:diamond_axe":1,"minecraft:crafting_table":19,"minecraft:jungle_boat":1,"minecraft:wooden_pickaxe":1,"minecraft:book":30,"minecraft:iron_chestplate":1,"minecraft:paper":111,"minecraft:diamond_pickaxe":1,"minecraft:shield":2,"minecraft:stick":60,"minecraft:stone_slab":6,"minecraft:iron_ingot":29,"minecraft:iron_pickaxe":1,"minecraft:stone_sword":1,"minecraft:acacia_door":27,"minecraft:gold_ingot":13,"minecraft:shears":1,"minecraft:oak_door":3,"minecraft:furnace":5,"minecraft:bone_meal":561,"minecraft:stone_pickaxe":2,"minecraft:diamond_boots":1,"minecraft:wheat":225,"minecraft:red_dye":1,"minecraft:diamond_sword":1,"minecraft:enchanting_table":1,"minecraft:bucket":1,"minecraft:stone_axe":1,"minecraft:bread":75,"minecraft:air":0,"minecraft:jungle_planks":32,"minecraft:oak_boat":1,"minecraft:acacia_sign":9,"minecraft:white_bed":1,"minecraft:acacia_planks":228,"minecraft:torch":76,"minecraft:diamond_chestplate":1},"minecraft:broken":{"minecraft:stone_pickaxe":1,"minecraft:stone_axe":1}},"DataVersion":3953}