{"stats":{"minecraft:used":{"minecraft:diamond_hoe":1017,"minecraft:chest":1,"minecraft:shield":22,"minecraft:iron_sword":23,"minecraft:iron_chestplate":1,"minecraft:mutton":1,"minecraft:nether_bricks":4,"minecraft:tuff":4,"minecraft:obsidian":13,"minecraft:lava_bucket":19,"minecraft:grass_block":1,"minecraft:bow":32,"minecraft:furnace":8,"minecraft:acacia_fence":1,"minecraft:egg":1,"minecraft:stone_pickaxe":131,"minecraft:oak_planks":7,"minecraft:wooden_pickaxe":38,"minecraft:composter":3,"minecraft:diamond_axe":332,"minecraft:sugar_cane":16,"minecraft:crying_obsidian":3,"minecraft:bread":127,"minecraft:gravel":7,"minecraft:diamond_sword":455,"minecraft:fire_charge":2,"minecraft:andesite":24,"minecraft:bone_meal":24,"minecraft:enchanting_table":3,"minecraft:stone_sword":15,"minecraft:flint_and_steel":32,"minecraft:stone_hoe":65,"minecraft:netherrack":187,"minecraft:torch":10,"minecraft:dirt":680,"minecraft:white_carpet":1,"minecraft:bookshelf":79,"minecraft:iron_boots":1,"minecraft:smooth_basalt":1,"minecraft:basalt":6,"minecraft:soul_soil":4,"minecraft:acacia_wood":1,"minecraft:acacia_planks":127,"minecraft:cobbled_deepslate":78,"minecraft:wheat_seeds":162,"minecraft:acacia_boat":1,"minecraft:water_bucket":52,"minecraft:crafting_table":13,"minecraft:white_bed":6,"minecraft:ender_eye":14,"minecraft:diamond_pickaxe":1038,"minecraft:acacia_stairs":1,"minecraft:apple":2,"minecraft:diamond_shovel":72,"minecraft:oak_button":1,"minecraft:iron_pickaxe":374,"minecraft:stone_axe":28,"minecraft:cobblestone":211,"minecraft:bucket":72,"minecraft:gray_wool":1},"minecraft:picked_up":{"minecraft:wheat":111,"minecraft:enchanted_book":2,"minecraft:potion":1,"minecraft:amethyst_block":10,"minecraft:string":53,"minecraft:soul_soil":44,"minecraft:gold_nugget":81,"minecraft:cobbled_deepslate":255,"minecraft:ender_eye":10,"minecraft:calcite":6,"minecraft:melon_slice":26,"minecraft:furnace":2,"minecraft:stick":8,"minecraft:acacia_fence":1,"minecraft:composter":2,"minecraft:torch":12,"minecraft:acacia_log":135,"minecraft:porkchop":13,"minecraft:diorite":32,"minecraft:stone_sword":2,"minecraft:rotten_flesh":26,"minecraft:armadillo_scute":4,"minecraft:blaze_rod":10,"minecraft:obsidian":17,"minecraft:cobblestone":451,"minecraft:birch_log":6,"minecraft:enchanting_table":3,"minecraft:magma_cream":1,"minecraft:iron_door":1,"minecraft:andesite":89,"minecraft:flint":3,"minecraft:tuff":8,"minecraft:acacia_boat":1,"minecraft:lapis_lazuli":94,"minecraft:dirt":470,"minecraft:bone":45,"minecraft:acacia_planks":36,"minecraft:bow":3,"minecraft:wheat_seeds":352,"minecraft:mossy_stone_bricks":6,"minecraft:bamboo":4,"minecraft:oak_planks":17,"minecraft:stone_hoe":3,"minecraft:sand":14,"minecraft:grass_block":2,"minecraft:acacia_stairs":3,"minecraft:diamond":76,"minecraft:granite":53,"minecraft:bread":149,"minecraft:netherrack":302,"minecraft:crafting_table":6,"minecraft:splash_potion":1,"minecraft:chicken":1,"minecraft:wooden_pickaxe":2,"minecraft:gold_block":2,"minecraft:acacia_door":11,"minecraft:white_carpet":1,"minecraft:blackstone":1,"minecraft:beef":64,"minecraft:poppy":1,"minecraft:sugar_cane":33,"minecraft:chest":4,"minecraft:egg":1,"minecraft:raw_iron":65,"minecraft:fire_charge":1,"minecraft:redstone":18,"minecraft:arrow":35,"minecraft:nether_bricks":4,"minecraft:hay_block":112,"minecraft:saddle":1,"minecraft:mutton":11,"minecraft:white_wool":4,"minecraft:basalt":6,"minecraft:leather":38,"minecraft:acacia_wood":45,"minecraft:gunpowder":15,"minecraft:apple":1,"minecraft:stone_bricks":3,"minecraft:iron_ingot":23,"minecraft:stone_pickaxe":1,"minecraft:acacia_sapling":7,"minecraft:soul_sand":43,"minecraft:book":399,"minecraft:smooth_basalt":1,"minecraft:quartz":29,"minecraft:gravel":14,"minecraft:white_bed":3,"minecraft:crying_obsidian":4,"minecraft:mossy_stone_brick_slab":2,"minecraft:spider_eye":2,"minecraft:slime_ball":11,"minecraft:short_grass":3,"minecraft:gray_wool":1,"minecraft:oak_button":1,"minecraft:brown_banner":1,"minecraft:acacia_slab":1,"minecraft:melon_seeds":17,"minecraft:coal":20,"minecraft:ender_pearl":4},"minecraft:dropped":{"minecraft:iron_sword":1,"minecraft:acacia_wood":1,"minecraft:short_grass":3,"minecraft:diamond":37,"minecraft:leather":9,"minecraft:flint":1,"minecraft:dirt":55,"minecraft:mutton":10,"minecraft:sand":9,"minecraft:iron_pickaxe":2,"minecraft:acacia_door":2,"minecraft:birch_log":3,"minecraft:white_wool":1,"minecraft:gold_ingot":18,"minecraft:bone":26,"minecraft:gravel":7,"minecraft:stone_axe":1,"minecraft:blackstone":1,"minecraft:sugar_cane":2,"minecraft:cobbled_deepslate":49,"minecraft:wheat":2,"minecraft:rotten_flesh":12,"minecraft:mossy_stone_brick_slab":1,"minecraft:acacia_stairs":2,"minecraft:eye_armor_trim_smithing_template":1,"minecraft:poppy":1,"minecraft:gunpowder":3,"minecraft:melon_seeds":17,"minecraft:acacia_slab":6,"minecraft:acacia_sapling":7,"minecraft:chest":3,"minecraft:beef":31,"minecraft:quartz":1,"minecraft:netherrack":64,"minecraft:enchanting_table":1,"minecraft:stone_hoe":4,"minecraft:enchanted_book":2,"minecraft:bread":269,"minecraft:wheat_seeds":190,"minecraft:cobblestone":106,"minecraft:amethyst_block":10,"minecraft:granite":37,"minecraft:acacia_log":1,"minecraft:grass_block":1,"minecraft:coal":4,"minecraft:stick":4,"minecraft:iron_block":1,"minecraft:diorite":7,"minecraft:melon_slice":23,"minecraft:potion":1,"minecraft:armadillo_scute":3,"minecraft:string":53,"minecraft:redstone":18,"minecraft:stone_sword":3,"minecraft:tuff":4,"minecraft:raw_iron":11,"minecraft:iron_boots":1,"minecraft:iron_chestplate":1,"minecraft:andesite":35,"minecraft:mossy_stone_bricks":6,"minecraft:stone_bricks":3,"minecraft:spider_eye":2,"minecraft:bamboo":4,"minecraft:stone_pickaxe":1,"minecraft:wooden_pickaxe":1,"minecraft:magma_cream":1,"minecraft:calcite":6},"minecraft:killed":{"minecraft:cave_spider":4,"minecraft:zombified_piglin":1,"minecraft:witch":2,"minecraft:spider":10,"minecraft:skeleton":29,"minecraft:chicken":1,"minecraft:wolf":3,"minecraft:magma_cube":3,"minecraft:pig":5,"minecraft:iron_golem":3,"minecraft:creeper":7,"minecraft:sheep":6,"minecraft:zombie":26,"minecraft:cow":31,"minecraft:blaze":12,"minecraft:slime":8,"minecraft:horse":1,"minecraft:drowned":2,"minecraft:wither_skeleton":3,"minecraft:enderman":6},"minecraft:custom":{"minecraft:animals_bred":2,"minecraft:interact_with_crafting_table":63,"minecraft:leave_game":9,"minecraft:time_since_death":374277,"minecraft:sprint_one_cm":588759,"minecraft:damage_blocked_by_shield":2081,"minecraft:drop":345,"minecraft:talked_to_villager":35,"minecraft:play_time":374277,"minecraft:jump":6173,"minecraft:walk_on_water_one_cm":104098,"minecraft:enchant_item":9,"minecraft:interact_with_furnace":37,"minecraft:traded_with_villager":10,"minecraft:sleep_in_bed":7,"minecraft:damage_dealt":30855,"minecraft:player_kills":1,"minecraft:crouch_one_cm":32350,"minecraft:horse_one_cm":62350,"minecraft:mob_kills":205,"minecraft:climb_one_cm":5719,"minecraft:walk_one_cm":878913,"minecraft:sneak_time":8489,"minecraft:walk_under_water_one_cm":41889,"minecraft:boat_one_cm":194088,"minecraft:total_world_time":374277,"minecraft:time_since_rest":39503,"minecraft:damage_taken":4711,"minecraft:swim_one_cm":46346,"minecraft:fly_one_cm":1044167,"minecraft:open_chest":39,"minecraft:fall_one_cm":144022},"minecraft:mined":{"minecraft:attached_melon_stem":1,"minecraft:white_bed":2,"minecraft:farmland":4,"minecraft:mossy_stone_brick_slab":1,"minecraft:jungle_leaves":1,"minecraft:obsidian":11,"minecraft:granite":55,"minecraft:budding_amethyst":1,"minecraft:acacia_log":93,"minecraft:grass_block":15,"minecraft:soul_soil":47,"minecraft:composter":2,"minecraft:spawner":1,"minecraft:tall_seagrass":1,"minecraft:iron_ore":40,"minecraft:cobbled_deepslate":4,"minecraft:fire":36,"minecraft:deepslate_lapis_ore":15,"minecraft:enchanting_table":3,"minecraft:melon_stem":11,"minecraft:soul_fire":2,"minecraft:torch":1,"minecraft:calcite":6,"minecraft:melon":5,"minecraft:chest":2,"minecraft:nether_quartz_ore":9,"minecraft:cobblestone":24,"minecraft:sugar_cane":27,"minecraft:oak_planks":18,"minecraft:iron_door":1,"minecraft:wall_torch":1,"minecraft:amethyst_block":11,"minecraft:seagrass":7,"minecraft:wheat":118,"minecraft:acacia_fence":1,"minecraft:sand":11,"minecraft:dirt":82,"minecraft:smooth_basalt":1,"minecraft:netherrack":403,"minecraft:oak_leaves":31,"minecraft:deepslate":255,"minecraft:nether_gold_ore":18,"minecraft:diamond_ore":5,"minecraft:crying_obsidian":1,"minecraft:tuff":32,"minecraft:deepslate_diamond_ore":66,"minecraft:nether_bricks":4,"minecraft:acacia_slab":1,"minecraft:hay_block":112,"minecraft:furnace":2,"minecraft:acacia_wood":39,"minecraft:acacia_stairs":3,"minecraft:andesite":71,"minecraft:gold_block":2,"minecraft:bookshelf":135,"minecraft:deepslate_iron_ore":1,"minecraft:vine":1,"minecraft:stone":432,"minecraft:acacia_leaves":3,"minecraft:soul_sand":49,"minecraft:basalt":6,"minecraft:dandelion":1,"minecraft:crafting_table":6,"minecraft:short_grass":292,"minecraft:tall_grass":21,"minecraft:lapis_ore":1,"minecraft:diorite":32,"minecraft:white_carpet":1,"minecraft:birch_leaves":6,"minecraft:coal_ore":10,"minecraft:gravel":11,"minecraft:acacia_door":9,"minecraft:cobweb":8,"minecraft:cracked_stone_bricks":2,"minecraft:acacia_planks":32,"minecraft:oak_button":1,"minecraft:stone_bricks":2,"minecraft:mossy_stone_bricks":7,"minecraft:fern":19},"minecraft:crafted":{"minecraft:blaze_powder":20,"minecraft:diamond_shovel":1,"minecraft:bookshelf":79,"minecraft:iron_boots":1,"minecraft:diamond_helmet":1,"minecraft:diamond_leggings":1,"minecraft:bow":2,"minecraft:stone_hoe":1,"minecraft:ender_eye":3,"minecraft:emerald":5,"minecraft:diamond_axe":1,"minecraft:crafting_table":7,"minecraft:acacia_slab":12,"minecraft:wooden_pickaxe":1,"minecraft:apple":20,"minecraft:book":5,"minecraft:iron_chestplate":1,"minecraft:paper":15,"minecraft:diamond_pickaxe":1,"minecraft:shield":2,"minecraft:stick":24,"minecraft:iron_pickaxe":3,"minecraft:iron_ingot":35,"minecraft:iron_block":3,"minecraft:stone_sword":1,"minecraft:gold_ingot":18,"minecraft:composter":1,"minecraft:diamond_hoe":1,"minecraft:furnace":6,"minecraft:bone_meal":24,"minecraft:flint_and_steel":2,"minecraft:stone_pickaxe":1,"minecraft:diamond_boots":1,"minecraft:wheat":1008,"minecraft:diamond_sword":1,"minecraft:enchanting_table":1,"minecraft:iron_sword":1,"minecraft:bucket":1,"minecraft:stone_axe":1,"minecraft:air":0,"minecraft:acacia_boat":1,"minecraft:bread":313,"minecraft:white_bed":1,"minecraft:acacia_planks":649,"minecraft:diamond_chestplate":1},"minecraft:broken":{"minecraft:stone_pickaxe":1,"minecraft:wooden_pickaxe":1}},"DataVersion":3953}