{"stats":{"minecraft:killed":{"minecraft:husk":2,"minecraft:spider":3,"minecraft:iron_golem":1,"vampirism:hunter":6,"minecraft:sheep":3,"minecraft:skeleton":1,"minecraft:zombie":2,"vampirism:advanced_hunter":2,"minecraft:cow":7},"minecraft:killed_by":{"minecraft:player":1,"minecraft:zombie":1},"minecraft:mined":{"minecraft:acacia_leaves":1,"vampirism:tent_main":4,"minecraft:crafting_table":1,"minecraft:torch":1,"minecraft:grass_block":3,"minecraft:dead_bush":8,"vampirism:weapon_table":1,"minecraft:tall_grass":12,"minecraft:cobblestone":2,"minecraft:diorite":2,"minecraft:sandstone":1,"minecraft:furnace":2,"vampirism:totem_base":2,"vampirism:totem_top":1,"minecraft:iron_ore":37,"minecraft:andesite":1,"vampirism:tent":5,"minecraft:grass":36,"minecraft:oak_log":9,"minecraft:coal_ore":29,"vampirism:fire_place":2,"minecraft:sand":13,"minecraft:dirt":5,"minecraft:stone":57},"minecraft:picked_up":{"vampirism:vampire_book":1,"minecraft:crafting_table":1,"vampirism:weapon_table":1,"minecraft:cooked_beef":3,"vampirism:item_tent":7,"minecraft:andesite":1,"minecraft:leather":10,"minecraft:oak_log":9,"vampirism:pure_salt_water":1,"minecraft:dirt":8,"minecraft:string":3,"vampirism:human_heart":2,"minecraft:apple":1,"minecraft:wheat_seeds":8,"vampirism:totem_base":2,"minecraft:iron_ingot":5,"minecraft:beef":18,"minecraft:iron_ore":38,"minecraft:oak_planks":2,"minecraft:furnace":2,"minecraft:stick":3,"minecraft:sandstone":1,"vampirism:fire_place":2,"minecraft:torch":1,"minecraft:porkchop":11,"minecraft:sand":8,"vampirism:holy_water_bottle_enhanced":1,"vampirism:vampire_fang":1,"minecraft:diorite":2,"vampirism:amulet":1,"minecraft:spider_eye":2,"minecraft:rotten_flesh":16,"minecraft:bread":26,"minecraft:mutton":5,"minecraft:coal":34,"minecraft:white_wool":3,"minecraft:cobblestone":47},"minecraft:dropped":{"minecraft:wheat_seeds":4,"minecraft:cooked_beef":6,"minecraft:stone_sword":1,"minecraft:rotten_flesh":7,"minecraft:leather_helmet":1,"tombstone:grave_dust":1,"minecraft:spider_eye":2,"minecraft:stone_pickaxe":1},"minecraft:custom":{"minecraft:interact_with_furnace":53,"minecraft:mob_kills":30,"minecraft:interact_with_crafting_table":18,"minecraft:play_one_minute":53649,"minecraft:time_since_death":35925,"minecraft:sleep_in_bed":2,"minecraft:time_since_rest":11899,"minecraft:waystone_activated":1,"minecraft:sprint_one_cm":132410,"minecraft:damage_taken":1225,"minecraft:walk_one_cm":112010,"minecraft:damage_blocked_by_shield":90,"minecraft:drop":23,"minecraft:damage_dealt":8060,"minecraft:talked_to_villager":3,"minecraft:swim_one_cm":12686,"minecraft:player_kills":2,"minecraft:fly_one_cm":196062,"minecraft:open_chest":1,"minecraft:crouch_one_cm":1722,"tombstone:undead_killed":5,"minecraft:deaths":2,"minecraft:sneak_time":1367,"minecraft:walk_under_water_one_cm":1056,"minecraft:jump":987,"minecraft:walk_on_water_one_cm":3916,"minecraft:fall_one_cm":22116},"minecraft:used":{"vampirism:fire_place":1,"minecraft:diorite":2,"minecraft:stone_sword":11,"minecraft:stone_pickaxe":34,"minecraft:wooden_pickaxe":15,"minecraft:shield":4,"minecraft:sandstone":1,"minecraft:iron_sword":102,"minecraft:rotten_flesh":9,"minecraft:torch":2,"minecraft:sand":8,"minecraft:dirt":8,"minecraft:crafting_table":3,"vampirism:item_tent":5,"minecraft:apple":1,"minecraft:iron_axe":7,"minecraft:bread":5,"minecraft:iron_pickaxe":96,"minecraft:cobblestone":26,"minecraft:furnace":4,"minecraft:bucket":1,"minecraft:andesite":1,"tombstone:gift":1,"vampirism:totem_base":1,"minecraft:cooked_beef":5},"minecraft:crafted":{"spartanshields:shield_basic_wood":1,"minecraft:cooked_beef":17,"minecraft:oak_planks":36,"spartanshields:shield_basic_iron":1,"minecraft:crafting_table":2,"minecraft:iron_helmet":1,"minecraft:wooden_pickaxe":1,"minecraft:iron_sword":1,"minecraft:furnace":2,"minecraft:leather_helmet":1,"minecraft:bucket":1,"minecraft:air":0,"minecraft:iron_boots":1,"minecraft:iron_chestplate":1,"minecraft:shield":1,"minecraft:iron_axe":1,"minecraft:stick":12,"minecraft:iron_ingot":38,"minecraft:iron_pickaxe":1,"minecraft:stone_pickaxe":1,"minecraft:stone_sword":1,"minecraft:iron_leggings":1,"minecraft:torch":8}},"DataVersion":2586}