{"stats":{"minecraft:picked_up":{"minecraft:crafting_table":1,"minecraft:feather":1,"minecraft:chicken":1,"minecraft:jungle_log":8,"minecraft:dirt":9,"man:cassette_1safetyinstructions":1,"minecraft:mutton":6,"minecraft:coal":9,"minecraft:white_wool":4,"minecraft:cobblestone":21},"minecraft:custom":{"minecraft:time_since_rest":5140,"minecraft:sprint_one_cm":4810,"minecraft:walk_one_cm":9733,"minecraft:mob_kills":5,"minecraft:drop":1,"minecraft:damage_dealt":360,"minecraft:swim_one_cm":2725,"minecraft:interact_with_crafting_table":3,"minecraft:fly_one_cm":10003,"minecraft:play_time":5140,"minecraft:walk_under_water_one_cm":150,"minecraft:jump":60,"minecraft:leave_game":1,"minecraft:walk_on_water_one_cm":221,"minecraft:time_since_death":5140,"minecraft:climb_one_cm":349,"minecraft:total_world_time":5140,"minecraft:fall_one_cm":1045},"minecraft:mined":{"minecraft:jungle_leaves":3,"minecraft:crafting_table":1,"minecraft:grass":3,"minecraft:grass_block":2,"minecraft:coal_ore":9,"minecraft:vine":1,"minecraft:jungle_log":8,"minecraft:dirt":7,"minecraft:stone":21},"minecraft:crafted":{"minecraft:crafting_table":1,"minecraft:stick":12,"minecraft:wooden_pickaxe":1,"minecraft:stone_pickaxe":1,"minecraft:stone_sword":1,"minecraft:furnace":1,"minecraft:white_bed":1,"minecraft:stone_axe":1,"minecraft:jungle_planks":32},"minecraft:used":{"minecraft:stone_pickaxe":14,"minecraft:wooden_pickaxe":23,"minecraft:stone_axe":8,"minecraft:crafting_table":2,"minecraft:white_bed":1},"minecraft:killed":{"minecraft:sheep":4,"minecraft:chicken":1},"minecraft:dropped":{"man:cassette_1safetyinstructions":1}},"DataVersion":3120}