{"stats":{"minecraft:killed":{"minecraft:cow":4},"minecraft:killed_by":{"minecraft:player":1},"minecraft:mined":{"minecraft:iron_ore":21,"minecraft:andesite":1,"minecraft:grass_block":3,"minecraft:coal_ore":19,"minecraft:oak_log":9,"minecraft:dirt":5,"minecraft:tall_grass":3,"minecraft:stone":30},"minecraft:picked_up":{"minecraft:stick":2,"minecraft:cooked_beef":3,"minecraft:andesite":1,"minecraft:leather":5,"minecraft:oak_log":9,"vampirism:vampire_fang":1,"minecraft:dirt":8,"minecraft:wheat_seeds":4,"minecraft:beef":7,"minecraft:iron_ore":22,"minecraft:coal":22,"minecraft:cobblestone":33},"minecraft:dropped":{"minecraft:wheat_seeds":4,"minecraft:cooked_beef":6,"minecraft:stone_sword":1,"minecraft:stone_pickaxe":1},"minecraft:custom":{"minecraft:time_since_rest":10108,"minecraft:interact_with_furnace":25,"minecraft:sprint_one_cm":19566,"minecraft:damage_taken":540,"minecraft:walk_one_cm":27236,"minecraft:damage_blocked_by_shield":25,"minecraft:mob_kills":6,"minecraft:drop":12,"minecraft:damage_dealt":1351,"minecraft:interact_with_crafting_table":8,"minecraft:fly_one_cm":30601,"minecraft:player_kills":2,"minecraft:crouch_one_cm":1,"minecraft:play_one_minute":17649,"minecraft:deaths":1,"minecraft:sneak_time":59,"minecraft:jump":200,"minecraft:walk_on_water_one_cm":52,"minecraft:time_since_death":10082,"minecraft:fall_one_cm":2351},"minecraft:used":{"minecraft:stone_sword":11,"minecraft:stone_pickaxe":34,"minecraft:iron_pickaxe":31,"minecraft:shield":2,"minecraft:wooden_pickaxe":15,"minecraft:iron_sword":8,"minecraft:dirt":2,"minecraft:crafting_table":2,"minecraft:furnace":2,"tombstone:gift":1,"minecraft:cooked_beef":1},"minecraft:crafted":{"minecraft:cooked_beef":7,"minecraft:oak_planks":36,"minecraft:iron_chestplate":1,"minecraft:shield":1,"minecraft:crafting_table":2,"minecraft:stick":8,"minecraft:iron_pickaxe":1,"minecraft:iron_ingot":15,"minecraft:wooden_pickaxe":1,"minecraft:stone_pickaxe":1,"minecraft:stone_sword":1,"minecraft:iron_sword":1,"minecraft:furnace":2,"minecraft:leather_helmet":1,"minecraft:air":0}},"DataVersion":2586}