{"stats":{"minecraft:broken":{"minecraft:wooden_pickaxe":1,"minecraft:stone_pickaxe":1},"minecraft:mined":{"minecraft:nether_gold_ore":9,"minecraft:diamond_ore":5,"minecraft:crying_obsidian":1,"minecraft:tuff":8,"minecraft:white_bed":2,"minecraft:deepslate_diamond_ore":64,"minecraft:mossy_stone_brick_slab":1,"minecraft:obsidian":11,"minecraft:nether_bricks":4,"minecraft:granite":16,"minecraft:acacia_log":8,"minecraft:grass_block":9,"minecraft:acacia_slab":1,"minecraft:hay_block":75,"minecraft:furnace":2,"minecraft:iron_ore":40,"minecraft:cobbled_deepslate":3,"minecraft:fire":15,"minecraft:acacia_wood":4,"minecraft:acacia_stairs":1,"minecraft:andesite":36,"minecraft:deepslate_lapis_ore":4,"minecraft:gold_block":2,"minecraft:enchanting_table":1,"minecraft:vine":1,"minecraft:stone":287,"minecraft:acacia_leaves":1,"minecraft:basalt":6,"minecraft:crafting_table":6,"minecraft:short_grass":132,"minecraft:chest":1,"minecraft:tall_grass":10,"minecraft:cobblestone":19,"minecraft:lapis_ore":1,"minecraft:oak_planks":17,"minecraft:sugar_cane":10,"minecraft:diorite":25,"minecraft:seagrass":1,"minecraft:wheat":66,"minecraft:white_carpet":1,"minecraft:coal_ore":10,"minecraft:acacia_fence":1,"minecraft:gravel":10,"minecraft:dirt":21,"minecraft:acacia_planks":5,"minecraft:oak_button":1,"minecraft:netherrack":72,"minecraft:mossy_stone_bricks":1,"minecraft:deepslate":182,"minecraft:fern":3},"minecraft:custom":{"minecraft:mob_kills":92,"minecraft:interact_with_crafting_table":43,"minecraft:leave_game":7,"minecraft:time_since_death":201594,"minecraft:climb_one_cm":1453,"minecraft:sprint_one_cm":235007,"minecraft:walk_one_cm":367238,"minecraft:damage_blocked_by_shield":220,"minecraft:drop":201,"minecraft:talked_to_villager":29,"minecraft:play_time":201594,"minecraft:sneak_time":4231,"minecraft:walk_under_water_one_cm":12983,"minecraft:boat_one_cm":165590,"minecraft:jump":3194,"minecraft:walk_on_water_one_cm":26529,"minecraft:enchant_item":9,"minecraft:total_world_time":201594,"minecraft:interact_with_furnace":26,"minecraft:sleep_in_bed":5,"minecraft:time_since_rest":22440,"minecraft:damage_taken":1934,"minecraft:damage_dealt":13820,"minecraft:player_kills":1,"minecraft:swim_one_cm":10035,"minecraft:fly_one_cm":547051,"minecraft:open_chest":15,"minecraft:crouch_one_cm":14779,"minecraft:fall_one_cm":71291,"minecraft:horse_one_cm":62350},"minecraft:used":{"minecraft:stone_sword":15,"minecraft:enchanting_table":1,"minecraft:flint_and_steel":27,"minecraft:shield":6,"minecraft:iron_sword":23,"minecraft:stone_hoe":65,"minecraft:netherrack":61,"minecraft:iron_chestplate":1,"minecraft:dirt":31,"minecraft:mutton":1,"minecraft:white_carpet":1,"minecraft:nether_bricks":4,"minecraft:tuff":4,"minecraft:obsidian":13,"minecraft:lava_bucket":9,"minecraft:iron_boots":1,"minecraft:basalt":6,"minecraft:furnace":8,"minecraft:acacia_fence":1,"minecraft:acacia_wood":1,"minecraft:egg":1,"minecraft:cobbled_deepslate":38,"minecraft:acacia_planks":10,"minecraft:wheat_seeds":21,"minecraft:water_bucket":24,"minecraft:stone_pickaxe":131,"minecraft:oak_planks":7,"minecraft:wooden_pickaxe":38,"minecraft:diamond_axe":24,"minecraft:sugar_cane":8,"minecraft:crafting_table":11,"minecraft:white_bed":3,"minecraft:diamond_pickaxe":292,"minecraft:apple":1,"minecraft:crying_obsidian":3,"minecraft:oak_button":1,"minecraft:bread":55,"minecraft:iron_pickaxe":374,"minecraft:gravel":7,"minecraft:stone_axe":28,"minecraft:fire_charge":2,"minecraft:diamond_sword":170,"minecraft:cobblestone":164,"minecraft:andesite":10,"minecraft:bucket":34,"minecraft:gray_wool":1,"minecraft:bone_meal":24},"minecraft:crafted":{"minecraft:blaze_powder":20,"minecraft:furnace":6,"minecraft:bone_meal":24,"minecraft:flint_and_steel":2,"minecraft:diamond_helmet":1,"minecraft:diamond_leggings":1,"minecraft:iron_boots":1,"minecraft:stone_pickaxe":1,"minecraft:diamond_boots":1,"minecraft:stone_hoe":1,"minecraft:wheat":675,"minecraft:diamond_sword":1,"minecraft:diamond_axe":1,"minecraft:crafting_table":5,"minecraft:enchanting_table":1,"minecraft:wooden_pickaxe":1,"minecraft:iron_sword":1,"minecraft:bucket":1,"minecraft:stone_axe":1,"minecraft:bread":241,"minecraft:air":0,"minecraft:iron_chestplate":1,"minecraft:book":2,"minecraft:paper":6,"minecraft:diamond_pickaxe":1,"minecraft:shield":2,"minecraft:stick":20,"minecraft:iron_ingot":28,"minecraft:iron_pickaxe":3,"minecraft:stone_sword":1,"minecraft:gold_ingot":18,"minecraft:white_bed":1,"minecraft:acacia_planks":36,"minecraft:diamond_chestplate":1},"minecraft:dropped":{"minecraft:stone_hoe":4,"minecraft:bread":268,"minecraft:iron_sword":1,"minecraft:wheat_seeds":167,"minecraft:diamond":37,"minecraft:cobblestone":15,"minecraft:leather":1,"minecraft:acacia_log":1,"minecraft:stick":1,"minecraft:dirt":11,"minecraft:mutton":10,"minecraft:potion":1,"minecraft:armadillo_scute":3,"minecraft:iron_pickaxe":2,"minecraft:acacia_door":1,"minecraft:string":21,"minecraft:white_wool":1,"minecraft:gold_ingot":18,"minecraft:bone":6,"minecraft:gravel":6,"minecraft:stone_axe":1,"minecraft:blackstone":1,"minecraft:sugar_cane":2,"minecraft:stone_sword":3,"minecraft:cobbled_deepslate":19,"minecraft:tuff":4,"minecraft:wheat":2,"minecraft:raw_iron":11,"minecraft:rotten_flesh":8,"minecraft:iron_boots":1,"minecraft:mossy_stone_brick_slab":1,"minecraft:acacia_stairs":1,"minecraft:gunpowder":3,"minecraft:iron_chestplate":1,"minecraft:acacia_slab":1,"minecraft:chest":1,"minecraft:spider_eye":2,"minecraft:bamboo":4,"minecraft:beef":15,"minecraft:stone_pickaxe":1,"minecraft:wooden_pickaxe":1,"minecraft:magma_cream":1},"minecraft:picked_up":{"minecraft:crafting_table":6,"minecraft:wheat":60,"minecraft:splash_potion":1,"minecraft:chicken":1,"minecraft:wooden_pickaxe":2,"minecraft:potion":1,"minecraft:gold_block":2,"minecraft:enchanted_book":1,"minecraft:string":21,"minecraft:acacia_door":1,"minecraft:white_carpet":1,"minecraft:blackstone":1,"minecraft:gold_nugget":43,"minecraft:cobbled_deepslate":185,"minecraft:beef":46,"minecraft:sugar_cane":16,"minecraft:chest":1,"minecraft:egg":1,"minecraft:furnace":2,"minecraft:stick":1,"minecraft:raw_iron":65,"minecraft:acacia_fence":1,"minecraft:torch":1,"minecraft:acacia_log":9,"minecraft:fire_charge":1,"minecraft:diorite":25,"minecraft:stone_sword":2,"minecraft:arrow":15,"minecraft:rotten_flesh":8,"minecraft:nether_bricks":4,"minecraft:hay_block":75,"minecraft:armadillo_scute":4,"minecraft:saddle":1,"minecraft:blaze_rod":10,"minecraft:obsidian":17,"minecraft:mutton":11,"minecraft:white_wool":4,"minecraft:cobblestone":313,"minecraft:enchanting_table":1,"minecraft:magma_cream":1,"minecraft:basalt":6,"minecraft:andesite":40,"minecraft:leather":27,"minecraft:acacia_wood":4,"minecraft:flint":2,"minecraft:tuff":8,"minecraft:gunpowder":8,"minecraft:lapis_lazuli":33,"minecraft:dirt":45,"minecraft:bone":14,"minecraft:acacia_planks":6,"minecraft:apple":1,"minecraft:wheat_seeds":188,"minecraft:iron_ingot":10,"minecraft:stone_pickaxe":1,"minecraft:bamboo":4,"minecraft:stone_hoe":3,"minecraft:oak_planks":17,"minecraft:quartz":21,"minecraft:gravel":13,"minecraft:white_bed":2,"minecraft:acacia_stairs":1,"minecraft:crying_obsidian":4,"minecraft:mossy_stone_brick_slab":2,"minecraft:spider_eye":2,"minecraft:slime_ball":8,"minecraft:diamond":74,"minecraft:granite":16,"minecraft:gray_wool":1,"minecraft:bread":148,"minecraft:oak_button":1,"minecraft:brown_banner":1,"minecraft:acacia_slab":1,"minecraft:netherrack":61,"minecraft:coal":16,"minecraft:ender_pearl":1},"minecraft:killed":{"minecraft:cave_spider":3,"minecraft:zombified_piglin":1,"minecraft:spider":6,"minecraft:slime":5,"minecraft:skeleton":10,"minecraft:horse":1,"minecraft:chicken":1,"minecraft:drowned":1,"minecraft:magma_cube":3,"minecraft:iron_golem":1,"minecraft:creeper":1,"minecraft:sheep":6,"minecraft:zombie":13,"minecraft:wither_skeleton":3,"minecraft:enderman":1,"minecraft:blaze":12,"minecraft:cow":21}},"DataVersion":3953}