{"stats":{"minecraft:killed":{"minecraft:husk":1,"minecraft:spider":2,"minecraft:iron_golem":1,"vampirism:hunter":1,"minecraft:skeleton":1,"minecraft:zombie":2,"minecraft:cow":7},"minecraft:killed_by":{"minecraft:player":1,"minecraft:zombie":1},"minecraft:mined":{"minecraft:acacia_leaves":1,"vampirism:tent_main":2,"minecraft:crafting_table":1,"minecraft:torch":1,"minecraft:grass_block":3,"minecraft:dead_bush":1,"minecraft:tall_grass":4,"minecraft:cobblestone":2,"minecraft:diorite":2,"minecraft:sandstone":1,"minecraft:furnace":2,"minecraft:iron_ore":37,"minecraft:andesite":1,"vampirism:tent":3,"minecraft:grass":6,"minecraft:oak_log":9,"minecraft:coal_ore":29,"vampirism:fire_place":1,"minecraft:sand":11,"minecraft:dirt":5,"minecraft:stone":57},"minecraft:picked_up":{"minecraft:crafting_table":1,"minecraft:cooked_beef":3,"vampirism:item_tent":4,"minecraft:andesite":1,"minecraft:leather":10,"minecraft:oak_log":9,"minecraft:dirt":8,"minecraft:string":3,"minecraft:apple":1,"minecraft:wheat_seeds":4,"minecraft:iron_ingot":5,"minecraft:beef":15,"minecraft:iron_ore":38,"minecraft:furnace":2,"minecraft:stick":2,"minecraft:sandstone":1,"vampirism:fire_place":1,"minecraft:torch":1,"minecraft:sand":8,"vampirism:vampire_fang":1,"minecraft:diorite":2,"minecraft:spider_eye":2,"minecraft:rotten_flesh":11,"minecraft:bread":2,"minecraft:coal":33,"minecraft:cobblestone":47},"minecraft:dropped":{"minecraft:wheat_seeds":4,"minecraft:cooked_beef":6,"minecraft:stone_sword":1,"tombstone:grave_dust":1,"minecraft:spider_eye":2,"minecraft:stone_pickaxe":1},"minecraft:custom":{"minecraft:interact_with_furnace":33,"minecraft:mob_kills":19,"minecraft:interact_with_crafting_table":14,"minecraft:play_one_minute":41649,"minecraft:time_since_death":23925,"minecraft:sleep_in_bed":2,"minecraft:time_since_rest":0,"minecraft:waystone_activated":1,"minecraft:sprint_one_cm":106361,"minecraft:damage_taken":1018,"minecraft:walk_one_cm":88323,"minecraft:damage_blocked_by_shield":90,"minecraft:drop":15,"minecraft:damage_dealt":4372,"minecraft:talked_to_villager":3,"minecraft:swim_one_cm":11007,"minecraft:player_kills":2,"minecraft:fly_one_cm":96746,"minecraft:open_chest":1,"minecraft:crouch_one_cm":1722,"tombstone:undead_killed":4,"minecraft:deaths":2,"minecraft:sneak_time":1358,"minecraft:walk_under_water_one_cm":825,"minecraft:jump":594,"minecraft:walk_on_water_one_cm":2681,"minecraft:fall_one_cm":11854},"minecraft:used":{"vampirism:fire_place":1,"minecraft:diorite":2,"minecraft:stone_sword":11,"minecraft:stone_pickaxe":34,"minecraft:wooden_pickaxe":15,"minecraft:shield":4,"minecraft:sandstone":1,"minecraft:iron_sword":60,"minecraft:rotten_flesh":8,"minecraft:torch":2,"minecraft:sand":8,"minecraft:dirt":8,"minecraft:crafting_table":3,"vampirism:item_tent":1,"minecraft:apple":1,"minecraft:bread":2,"minecraft:iron_pickaxe":92,"minecraft:cobblestone":26,"minecraft:furnace":4,"minecraft:andesite":1,"tombstone:gift":1,"minecraft:cooked_beef":4},"minecraft:crafted":{"spartanshields:shield_basic_wood":1,"minecraft:cooked_beef":7,"minecraft:oak_planks":36,"spartanshields:shield_basic_iron":1,"minecraft:crafting_table":2,"minecraft:wooden_pickaxe":1,"minecraft:iron_sword":1,"minecraft:furnace":2,"minecraft:leather_helmet":1,"minecraft:air":0,"minecraft:iron_chestplate":1,"minecraft:shield":1,"minecraft:stick":12,"minecraft:iron_ingot":22,"minecraft:iron_pickaxe":1,"minecraft:stone_pickaxe":1,"minecraft:stone_sword":1,"minecraft:iron_leggings":1,"minecraft:torch":8}},"DataVersion":2586}