{"stats":{"minecraft:killed":{"vampirism:vampire":1,"minecraft:spider":7,"mutantbeasts:mutant_enderman":1,"minecraft:skeleton":7,"vampirism:advanced_hunter":4,"minecraft:husk":4,"minecraft:iron_golem":1,"minecraft:creeper":1,"vampirism:hunter":12,"minecraft:sheep":8,"minecraft:zombie":4,"minecraft:cow":7},"minecraft:mined":{"minecraft:acacia_log":8,"minecraft:grass_block":3,"vampirism:weapon_table":1,"minecraft:sandstone":10,"minecraft:hay_block":46,"minecraft:furnace":2,"minecraft:iron_ore":43,"minecraft:andesite":1,"vampirism:tent":6,"minecraft:stone":57,"minecraft:acacia_leaves":1,"vampirism:tent_main":4,"minecraft:crafting_table":2,"minecraft:torch":1,"minecraft:dead_bush":14,"minecraft:tall_grass":19,"minecraft:cobblestone":2,"minecraft:diorite":2,"minecraft:wall_torch":1,"vampirism:totem_base":2,"vampirism:totem_top":1,"minecraft:lime_glazed_terracotta":2,"minecraft:grass":90,"minecraft:oak_log":9,"minecraft:coal_ore":29,"vampirism:fire_place":2,"minecraft:sand":14,"minecraft:dirt":5},"minecraft:killed_by":{"minecraft:player":1,"mutantbeasts:mutant_skeleton":1,"minecraft:zombie":1},"minecraft:picked_up":{"vampirism:injection_garlic":1,"minecraft:crafting_table":2,"vampirism:pure_salt_water":3,"minecraft:string":5,"vampirism:totem_base":2,"minecraft:beef":18,"minecraft:furnace":2,"minecraft:egg":1,"minecraft:stick":7,"minecraft:sandstone":9,"minecraft:torch":2,"minecraft:acacia_log":9,"minecraft:porkchop":11,"vampirism:holy_water_bottle_enhanced":1,"minecraft:diorite":2,"tombstone:grave_dust":3,"vampirism:vampire_fang":1,"vampirism:amulet":1,"minecraft:arrow":5,"minecraft:rotten_flesh":17,"minecraft:hay_block":45,"minecraft:gold_ingot":2,"tombstone:essence_of_undeath":1,"minecraft:mutton":12,"minecraft:cobblestone":47,"minecraft:white_wool":13,"vampirism:vampire_blood_bottle":1,"vampirism:vampire_book":1,"vampirism:weapon_table":1,"minecraft:cooked_beef":3,"vampirism:item_tent":7,"minecraft:andesite":1,"minecraft:leather":10,"vampirism:stake":1,"minecraft:oak_log":9,"minecraft:gunpowder":2,"minecraft:dirt":8,"minecraft:bone":7,"vampirism:human_heart":5,"minecraft:apple":1,"minecraft:wheat_seeds":15,"vampirism:item_garlic":7,"minecraft:iron_ingot":5,"minecraft:iron_ore":44,"minecraft:oak_planks":2,"vampirism:fire_place":2,"minecraft:sand":9,"minecraft:spider_eye":5,"travelersbackpack:standard":1,"minecraft:bread":26,"minecraft:coal":35,"minecraft:ender_pearl":5},"minecraft:dropped":{"minecraft:wheat_seeds":11,"minecraft:cooked_beef":6,"minecraft:leather":5,"minecraft:acacia_log":1,"minecraft:leather_helmet":1,"minecraft:stick":2,"minecraft:torch":6,"tombstone:grave_dust":1,"minecraft:string":5,"minecraft:white_wool":5,"minecraft:acacia_planks":4,"minecraft:bone":7,"vampirism:fire_place":1,"minecraft:stone_sword":1,"minecraft:rotten_flesh":7,"minecraft:cooked_mutton":5,"minecraft:gunpowder":2,"vampirism:vampire_blood_bottle":2,"minecraft:chest":2,"minecraft:spider_eye":4,"tombstone:essence_of_undeath":1,"minecraft:arrow":5,"minecraft:stone_pickaxe":1},"minecraft:custom":{"minecraft:mob_kills":59,"minecraft:interact_with_crafting_table":28,"minecraft:damage_dealt_resisted":920,"minecraft:leave_game":1,"minecraft:time_since_death":20666,"minecraft:sprint_one_cm":249663,"minecraft:walk_one_cm":186940,"minecraft:damage_blocked_by_shield":298,"minecraft:drop":45,"minecraft:talked_to_villager":10,"minecraft:deaths":3,"minecraft:sneak_time":1498,"minecraft:walk_under_water_one_cm":1445,"minecraft:jump":2334,"minecraft:walk_on_water_one_cm":7377,"minecraft:interact_with_furnace":67,"minecraft:play_one_minute":101358,"minecraft:sleep_in_bed":3,"minecraft:time_since_rest":15913,"minecraft:waystone_activated":1,"minecraft:damage_taken":2363,"minecraft:damage_dealt":15260,"minecraft:swim_one_cm":14537,"minecraft:fly_one_cm":560902,"minecraft:player_kills":2,"minecraft:open_chest":6,"minecraft:crouch_one_cm":2388,"tombstone:undead_killed":15,"minecraft:fall_one_cm":56280},"minecraft:used":{"minecraft:stone_sword":11,"minecraft:shield":4,"minecraft:iron_sword":221,"minecraft:rotten_flesh":9,"minecraft:torch":8,"minecraft:dirt":8,"vampirism:item_tent":7,"minecraft:iron_axe":22,"minecraft:furnace":4,"tombstone:gift":4,"minecraft:egg":1,"minecraft:cooked_beef":12,"minecraft:water_bucket":9,"vampirism:fire_place":1,"minecraft:diorite":2,"minecraft:stone_pickaxe":34,"minecraft:ender_pearl":1,"minecraft:wooden_pickaxe":15,"minecraft:sandstone":1,"minecraft:sand":8,"minecraft:crafting_table":5,"vampirism:stake":5,"minecraft:apple":1,"minecraft:bread":18,"minecraft:iron_pickaxe":114,"spartanshields:shield_basic_iron":7,"minecraft:cobblestone":26,"travelersbackpack:standard":2,"minecraft:bucket":10,"minecraft:andesite":1,"vampirism:totem_base":1},"minecraft:crafted":{"minecraft:oak_planks":36,"spartanshields:shield_basic_iron":1,"minecraft:furnace":2,"minecraft:cooked_mutton":5,"minecraft:iron_boots":1,"minecraft:iron_axe":1,"minecraft:stone_pickaxe":1,"minecraft:chest":2,"minecraft:wheat":405,"spartanshields:shield_basic_wood":1,"minecraft:cooked_beef":17,"minecraft:crafting_table":3,"minecraft:wooden_pickaxe":1,"minecraft:iron_helmet":1,"minecraft:iron_sword":2,"minecraft:leather_helmet":1,"minecraft:bucket":1,"minecraft:bread":135,"minecraft:air":0,"minecraft:iron_chestplate":1,"minecraft:shield":1,"minecraft:stick":28,"minecraft:iron_pickaxe":2,"minecraft:iron_ingot":39,"minecraft:stone_sword":1,"minecraft:iron_leggings":1,"minecraft:acacia_planks":32,"minecraft:torch":76}},"DataVersion":2586}