{"stats":{"minecraft:broken":{"minecraft:wooden_pickaxe":1,"minecraft:stone_pickaxe":1},"minecraft:mined":{"minecraft:nether_gold_ore":9,"minecraft:diamond_ore":5,"minecraft:crying_obsidian":1,"minecraft:tuff":32,"minecraft:white_bed":2,"minecraft:deepslate_diamond_ore":66,"minecraft:mossy_stone_brick_slab":1,"minecraft:jungle_leaves":1,"minecraft:obsidian":11,"minecraft:budding_amethyst":1,"minecraft:nether_bricks":4,"minecraft:granite":55,"minecraft:acacia_log":8,"minecraft:grass_block":11,"minecraft:acacia_slab":1,"minecraft:spawner":1,"minecraft:hay_block":75,"minecraft:furnace":2,"minecraft:iron_ore":40,"minecraft:cobbled_deepslate":4,"minecraft:fire":15,"minecraft:acacia_wood":12,"minecraft:acacia_stairs":1,"minecraft:andesite":71,"minecraft:deepslate_lapis_ore":15,"minecraft:gold_block":2,"minecraft:enchanting_table":1,"minecraft:bookshelf":134,"minecraft:deepslate_iron_ore":1,"minecraft:vine":1,"minecraft:stone":420,"minecraft:acacia_leaves":1,"minecraft:basalt":6,"minecraft:crafting_table":6,"minecraft:short_grass":267,"minecraft:calcite":6,"minecraft:chest":1,"minecraft:tall_grass":19,"minecraft:cobblestone":24,"minecraft:lapis_ore":1,"minecraft:oak_planks":18,"minecraft:sugar_cane":27,"minecraft:wall_torch":1,"minecraft:diorite":32,"minecraft:amethyst_block":11,"minecraft:seagrass":1,"minecraft:wheat":66,"minecraft:white_carpet":1,"minecraft:birch_leaves":6,"minecraft:coal_ore":10,"minecraft:sand":1,"minecraft:acacia_fence":1,"minecraft:gravel":10,"minecraft:dirt":35,"minecraft:cracked_stone_bricks":2,"minecraft:cobweb":8,"minecraft:smooth_basalt":1,"minecraft:stone_bricks":1,"minecraft:oak_leaves":31,"minecraft:acacia_planks":5,"minecraft:oak_button":1,"minecraft:netherrack":72,"minecraft:mossy_stone_bricks":1,"minecraft:deepslate":255,"minecraft:fern":19},"minecraft:custom":{"minecraft:mob_kills":192,"minecraft:animals_bred":2,"minecraft:interact_with_crafting_table":50,"minecraft:leave_game":8,"minecraft:time_since_death":292595,"minecraft:climb_one_cm":5719,"minecraft:sprint_one_cm":454968,"minecraft:walk_one_cm":576103,"minecraft:damage_blocked_by_shield":2081,"minecraft:drop":281,"minecraft:talked_to_villager":29,"minecraft:play_time":292595,"minecraft:sneak_time":4473,"minecraft:walk_under_water_one_cm":24666,"minecraft:boat_one_cm":194088,"minecraft:jump":5542,"minecraft:walk_on_water_one_cm":54255,"minecraft:enchant_item":9,"minecraft:total_world_time":292595,"minecraft:interact_with_furnace":26,"minecraft:sleep_in_bed":5,"minecraft:time_since_rest":113441,"minecraft:damage_taken":4389,"minecraft:damage_dealt":27911,"minecraft:player_kills":1,"minecraft:swim_one_cm":45673,"minecraft:fly_one_cm":941152,"minecraft:open_chest":19,"minecraft:crouch_one_cm":15268,"minecraft:fall_one_cm":135245,"minecraft:horse_one_cm":62350},"minecraft:used":{"minecraft:stone_sword":15,"minecraft:enchanting_table":1,"minecraft:flint_and_steel":27,"minecraft:shield":22,"minecraft:iron_sword":23,"minecraft:stone_hoe":65,"minecraft:netherrack":61,"minecraft:iron_chestplate":1,"minecraft:torch":5,"minecraft:dirt":31,"minecraft:mutton":1,"minecraft:white_carpet":1,"minecraft:nether_bricks":4,"minecraft:tuff":4,"minecraft:obsidian":13,"minecraft:lava_bucket":9,"minecraft:bookshelf":1,"minecraft:grass_block":1,"minecraft:iron_boots":1,"minecraft:smooth_basalt":1,"minecraft:basalt":6,"minecraft:bow":1,"minecraft:furnace":8,"minecraft:acacia_fence":1,"minecraft:acacia_wood":1,"minecraft:egg":1,"minecraft:cobbled_deepslate":78,"minecraft:acacia_planks":22,"minecraft:wheat_seeds":21,"minecraft:acacia_boat":1,"minecraft:water_bucket":43,"minecraft:stone_pickaxe":131,"minecraft:oak_planks":7,"minecraft:wooden_pickaxe":38,"minecraft:diamond_axe":171,"minecraft:sugar_cane":16,"minecraft:crafting_table":13,"minecraft:white_bed":3,"minecraft:ender_eye":14,"minecraft:diamond_pickaxe":657,"minecraft:apple":1,"minecraft:diamond_shovel":3,"minecraft:crying_obsidian":3,"minecraft:oak_button":1,"minecraft:bread":115,"minecraft:iron_pickaxe":374,"minecraft:gravel":7,"minecraft:stone_axe":28,"minecraft:fire_charge":2,"minecraft:diamond_sword":416,"minecraft:cobblestone":211,"minecraft:andesite":10,"minecraft:bucket":53,"minecraft:gray_wool":1,"minecraft:bone_meal":24},"minecraft:crafted":{"minecraft:blaze_powder":20,"minecraft:furnace":6,"minecraft:bone_meal":24,"minecraft:diamond_shovel":1,"minecraft:bookshelf":1,"minecraft:flint_and_steel":2,"minecraft:bow":2,"minecraft:diamond_helmet":1,"minecraft:diamond_leggings":1,"minecraft:iron_boots":1,"minecraft:stone_pickaxe":1,"minecraft:diamond_boots":1,"minecraft:stone_hoe":1,"minecraft:ender_eye":3,"minecraft:wheat":675,"minecraft:diamond_sword":1,"minecraft:diamond_axe":1,"minecraft:crafting_table":7,"minecraft:enchanting_table":1,"minecraft:wooden_pickaxe":1,"minecraft:iron_sword":1,"minecraft:bucket":1,"minecraft:stone_axe":1,"minecraft:acacia_boat":1,"minecraft:bread":241,"minecraft:air":0,"minecraft:iron_chestplate":1,"minecraft:book":5,"minecraft:paper":15,"minecraft:diamond_pickaxe":1,"minecraft:shield":2,"minecraft:stick":20,"minecraft:iron_ingot":28,"minecraft:iron_pickaxe":3,"minecraft:iron_block":1,"minecraft:stone_sword":1,"minecraft:gold_ingot":18,"minecraft:white_bed":1,"minecraft:acacia_planks":68,"minecraft:diamond_chestplate":1},"minecraft:dropped":{"minecraft:enchanted_book":2,"minecraft:stone_hoe":4,"minecraft:bread":268,"minecraft:iron_sword":1,"minecraft:wheat_seeds":186,"minecraft:diamond":37,"minecraft:cobblestone":104,"minecraft:amethyst_block":10,"minecraft:leather":9,"minecraft:granite":37,"minecraft:acacia_log":1,"minecraft:grass_block":1,"minecraft:coal":4,"minecraft:flint":1,"minecraft:stick":1,"minecraft:iron_block":1,"minecraft:dirt":55,"minecraft:diorite":7,"minecraft:mutton":10,"minecraft:potion":1,"minecraft:armadillo_scute":3,"minecraft:sand":3,"minecraft:iron_pickaxe":2,"minecraft:birch_log":3,"minecraft:acacia_door":1,"minecraft:string":53,"minecraft:white_wool":1,"minecraft:redstone":18,"minecraft:gold_ingot":18,"minecraft:bone":22,"minecraft:gravel":6,"minecraft:stone_axe":1,"minecraft:blackstone":1,"minecraft:sugar_cane":2,"minecraft:stone_sword":3,"minecraft:cobbled_deepslate":49,"minecraft:tuff":4,"minecraft:wheat":2,"minecraft:raw_iron":11,"minecraft:rotten_flesh":10,"minecraft:iron_boots":1,"minecraft:mossy_stone_brick_slab":1,"minecraft:acacia_stairs":1,"minecraft:gunpowder":3,"minecraft:iron_chestplate":1,"minecraft:andesite":35,"minecraft:acacia_slab":1,"minecraft:chest":1,"minecraft:stone_bricks":3,"minecraft:spider_eye":2,"minecraft:bamboo":4,"minecraft:beef":31,"minecraft:stone_pickaxe":1,"minecraft:wooden_pickaxe":1,"minecraft:calcite":6,"minecraft:magma_cream":1},"minecraft:picked_up":{"minecraft:crafting_table":6,"minecraft:wheat":60,"minecraft:splash_potion":1,"minecraft:chicken":1,"minecraft:wooden_pickaxe":2,"minecraft:potion":1,"minecraft:gold_block":2,"minecraft:enchanted_book":2,"minecraft:amethyst_block":10,"minecraft:string":53,"minecraft:acacia_door":1,"minecraft:white_carpet":1,"minecraft:blackstone":1,"minecraft:gold_nugget":43,"minecraft:cobbled_deepslate":255,"minecraft:beef":64,"minecraft:ender_eye":10,"minecraft:calcite":6,"minecraft:sugar_cane":33,"minecraft:chest":1,"minecraft:egg":1,"minecraft:furnace":2,"minecraft:stick":3,"minecraft:raw_iron":65,"minecraft:acacia_fence":1,"minecraft:torch":6,"minecraft:acacia_log":9,"minecraft:porkchop":13,"minecraft:fire_charge":1,"minecraft:diorite":32,"minecraft:redstone":18,"minecraft:stone_sword":2,"minecraft:arrow":33,"minecraft:rotten_flesh":24,"minecraft:nether_bricks":4,"minecraft:hay_block":75,"minecraft:armadillo_scute":4,"minecraft:saddle":1,"minecraft:blaze_rod":10,"minecraft:obsidian":17,"minecraft:mutton":11,"minecraft:white_wool":4,"minecraft:cobblestone":449,"minecraft:birch_log":6,"minecraft:enchanting_table":1,"minecraft:magma_cream":1,"minecraft:basalt":6,"minecraft:andesite":89,"minecraft:leather":38,"minecraft:acacia_wood":12,"minecraft:flint":3,"minecraft:tuff":8,"minecraft:gunpowder":14,"minecraft:acacia_boat":1,"minecraft:lapis_lazuli":94,"minecraft:dirt":89,"minecraft:bone":41,"minecraft:stone_bricks":3,"minecraft:acacia_planks":6,"minecraft:apple":1,"minecraft:bow":3,"minecraft:wheat_seeds":207,"minecraft:iron_ingot":10,"minecraft:stone_pickaxe":1,"minecraft:bamboo":4,"minecraft:stone_hoe":3,"minecraft:oak_planks":17,"minecraft:book":396,"minecraft:smooth_basalt":1,"minecraft:quartz":21,"minecraft:sand":3,"minecraft:gravel":13,"minecraft:grass_block":2,"minecraft:white_bed":3,"minecraft:acacia_stairs":1,"minecraft:crying_obsidian":4,"minecraft:mossy_stone_brick_slab":2,"minecraft:spider_eye":2,"minecraft:slime_ball":11,"minecraft:diamond":76,"minecraft:granite":53,"minecraft:gray_wool":1,"minecraft:bread":148,"minecraft:oak_button":1,"minecraft:brown_banner":1,"minecraft:acacia_slab":1,"minecraft:netherrack":61,"minecraft:coal":20,"minecraft:ender_pearl":4},"minecraft:killed":{"minecraft:cave_spider":4,"minecraft:zombified_piglin":1,"minecraft:witch":2,"minecraft:spider":10,"minecraft:slime":8,"minecraft:skeleton":24,"minecraft:horse":1,"minecraft:chicken":1,"minecraft:drowned":1,"minecraft:wolf":3,"minecraft:magma_cube":3,"minecraft:pig":5,"minecraft:iron_golem":1,"minecraft:creeper":7,"minecraft:sheep":6,"minecraft:zombie":24,"minecraft:wither_skeleton":3,"minecraft:enderman":6,"minecraft:blaze":12,"minecraft:cow":31}},"DataVersion":3953}