{"stats":{"minecraft:killed":{"minecraft:spider":2,"minecraft:zombie":2,"minecraft:cow":7},"minecraft:mined":{"vampirism:tent_main":1,"minecraft:crafting_table":1,"minecraft:grass_block":3,"minecraft:tall_grass":4,"minecraft:diorite":2,"minecraft:furnace":2,"minecraft:iron_ore":25,"minecraft:andesite":1,"vampirism:tent":2,"minecraft:grass":2,"minecraft:oak_log":9,"minecraft:coal_ore":29,"minecraft:dirt":5,"minecraft:stone":31},"minecraft:killed_by":{"minecraft:player":1,"minecraft:zombie":1},"minecraft:picked_up":{"minecraft:crafting_table":1,"minecraft:cooked_beef":3,"vampirism:item_tent":2,"minecraft:andesite":1,"minecraft:leather":10,"minecraft:oak_log":9,"minecraft:dirt":8,"minecraft:string":3,"minecraft:apple":1,"minecraft:wheat_seeds":4,"minecraft:beef":15,"minecraft:iron_ore":26,"minecraft:furnace":2,"minecraft:stick":2,"vampirism:vampire_fang":1,"minecraft:diorite":2,"minecraft:spider_eye":2,"minecraft:rotten_flesh":5,"minecraft:bread":1,"minecraft:coal":32,"minecraft:cobblestone":34},"minecraft:dropped":{"minecraft:wheat_seeds":4,"minecraft:cooked_beef":6,"minecraft:stone_sword":1,"tombstone:grave_dust":1,"minecraft:spider_eye":2,"minecraft:stone_pickaxe":1},"minecraft:custom":{"minecraft:interact_with_furnace":29,"minecraft:mob_kills":15,"minecraft:interact_with_crafting_table":12,"minecraft:play_one_minute":29649,"minecraft:time_since_death":11925,"minecraft:time_since_rest":11955,"minecraft:sprint_one_cm":60253,"minecraft:damage_taken":804,"minecraft:walk_one_cm":53988,"minecraft:damage_blocked_by_shield":50,"minecraft:drop":15,"minecraft:damage_dealt":2492,"minecraft:swim_one_cm":11007,"minecraft:player_kills":2,"minecraft:fly_one_cm":69029,"minecraft:crouch_one_cm":1,"tombstone:undead_killed":2,"minecraft:deaths":2,"minecraft:sneak_time":61,"minecraft:walk_under_water_one_cm":408,"minecraft:jump":396,"minecraft:walk_on_water_one_cm":2205,"minecraft:fall_one_cm":7042},"minecraft:used":{"minecraft:diorite":2,"minecraft:stone_sword":11,"minecraft:stone_pickaxe":34,"minecraft:wooden_pickaxe":15,"minecraft:shield":3,"minecraft:iron_sword":28,"minecraft:torch":1,"minecraft:dirt":8,"minecraft:crafting_table":2,"vampirism:item_tent":1,"minecraft:iron_pickaxe":50,"minecraft:furnace":2,"tombstone:gift":1,"minecraft:cooked_beef":4},"minecraft:crafted":{"spartanshields:shield_basic_wood":1,"minecraft:cooked_beef":7,"minecraft:oak_planks":36,"minecraft:crafting_table":2,"minecraft:wooden_pickaxe":1,"minecraft:iron_sword":1,"minecraft:furnace":2,"minecraft:leather_helmet":1,"minecraft:air":0,"minecraft:iron_chestplate":1,"minecraft:shield":1,"minecraft:stick":12,"minecraft:iron_ingot":22,"minecraft:iron_pickaxe":1,"minecraft:stone_pickaxe":1,"minecraft:stone_sword":1,"minecraft:iron_leggings":1,"minecraft:torch":8}},"DataVersion":2586}