{"stats":{"minecraft:broken":{"minecraft:stone_pickaxe":1,"minecraft:wooden_pickaxe":1},"minecraft:mined":{"minecraft:attached_melon_stem":1,"minecraft:white_bed":2,"minecraft:farmland":4,"minecraft:mossy_stone_brick_slab":1,"minecraft:jungle_leaves":1,"minecraft:obsidian":11,"minecraft:granite":68,"minecraft:budding_amethyst":1,"minecraft:acacia_log":93,"minecraft:grass_block":17,"minecraft:soul_soil":49,"minecraft:composter":9,"minecraft:spawner":1,"minecraft:tall_seagrass":1,"minecraft:iron_ore":50,"minecraft:cobbled_deepslate":5,"minecraft:fire":36,"minecraft:deepslate_lapis_ore":15,"minecraft:enchanting_table":3,"minecraft:dirt_path":2,"minecraft:iron_bars":2,"minecraft:deepslate_redstone_ore":8,"minecraft:melon_stem":11,"minecraft:smoker":2,"minecraft:soul_fire":7,"minecraft:torch":1,"minecraft:blast_furnace":10,"minecraft:calcite":6,"minecraft:melon":26,"minecraft:chest":3,"minecraft:nether_quartz_ore":9,"minecraft:wither_skeleton_wall_skull":1,"minecraft:cobblestone":47,"minecraft:grindstone":3,"minecraft:sugar_cane":36,"minecraft:oak_planks":18,"minecraft:iron_door":1,"minecraft:wall_torch":1,"minecraft:amethyst_block":11,"minecraft:seagrass":7,"minecraft:wheat":389,"minecraft:oak_log":5,"minecraft:acacia_fence":1,"minecraft:sand":18,"minecraft:dirt":86,"minecraft:smooth_basalt":1,"minecraft:netherrack":517,"minecraft:oak_leaves":31,"minecraft:deepslate":369,"minecraft:nether_gold_ore":26,"minecraft:diamond_ore":11,"minecraft:crying_obsidian":1,"minecraft:tuff":32,"minecraft:deepslate_diamond_ore":88,"minecraft:nether_bricks":4,"minecraft:acacia_slab":1,"minecraft:hay_block":112,"minecraft:furnace":2,"minecraft:acacia_wood":43,"minecraft:acacia_stairs":3,"minecraft:andesite":79,"minecraft:diamond_block":5,"minecraft:gold_block":2,"minecraft:bookshelf":135,"minecraft:deepslate_iron_ore":1,"minecraft:vine":1,"minecraft:stripped_acacia_log":3,"minecraft:stone":503,"minecraft:bone_block":12,"minecraft:acacia_leaves":3,"minecraft:soul_sand":50,"minecraft:basalt":6,"minecraft:dandelion":1,"minecraft:crafting_table":6,"minecraft:short_grass":299,"minecraft:tall_grass":21,"minecraft:lapis_ore":1,"minecraft:diorite":38,"minecraft:white_carpet":1,"minecraft:birch_leaves":6,"minecraft:coal_ore":10,"minecraft:gravel":13,"minecraft:acacia_door":10,"minecraft:cobweb":8,"minecraft:cracked_stone_bricks":2,"minecraft:acacia_planks":32,"minecraft:oak_button":1,"minecraft:stripped_acacia_wood":5,"minecraft:stone_bricks":2,"minecraft:mossy_stone_bricks":8,"minecraft:fern":19},"minecraft:used":{"minecraft:diamond_hoe":1018,"minecraft:chest":5,"minecraft:shield":29,"minecraft:iron_sword":23,"minecraft:iron_chestplate":1,"minecraft:mutton":1,"minecraft:nether_bricks":4,"minecraft:acacia_sapling":4,"minecraft:tuff":4,"minecraft:obsidian":13,"minecraft:lava_bucket":19,"minecraft:grass_block":1,"minecraft:bow":47,"minecraft:furnace":8,"minecraft:acacia_fence":1,"minecraft:egg":1,"minecraft:mossy_stone_bricks":1,"minecraft:wither_skeleton_skull":1,"minecraft:stone_pickaxe":131,"minecraft:oak_planks":7,"minecraft:wooden_pickaxe":38,"minecraft:composter":10,"minecraft:diamond_axe":383,"minecraft:sugar_cane":34,"minecraft:sand":7,"minecraft:blast_furnace":11,"minecraft:crying_obsidian":3,"minecraft:acacia_door":2,"minecraft:bread":146,"minecraft:gravel":7,"minecraft:diamond_sword":508,"minecraft:fire_charge":2,"minecraft:grindstone":3,"minecraft:andesite":24,"minecraft:bone_meal":126,"minecraft:iron_bars":2,"minecraft:enchanting_table":3,"minecraft:stone_sword":15,"minecraft:flint_and_steel":32,"minecraft:stone_hoe":65,"minecraft:netherrack":240,"minecraft:torch":11,"minecraft:dirt":688,"minecraft:anvil":1,"minecraft:white_carpet":1,"minecraft:granite":6,"minecraft:bookshelf":79,"minecraft:acacia_slab":2,"minecraft:iron_boots":1,"minecraft:smooth_basalt":1,"minecraft:basalt":6,"minecraft:soul_soil":5,"minecraft:acacia_wood":1,"minecraft:cobbled_deepslate":143,"minecraft:acacia_planks":157,"minecraft:wheat_seeds":762,"minecraft:acacia_boat":1,"minecraft:water_bucket":56,"minecraft:diamond_block":5,"minecraft:crafting_table":13,"minecraft:brown_banner":1,"minecraft:white_bed":6,"minecraft:smoker":2,"minecraft:ender_eye":14,"minecraft:diamond_pickaxe":1479,"minecraft:acacia_stairs":1,"minecraft:apple":2,"minecraft:diamond_shovel":77,"minecraft:oak_button":1,"minecraft:iron_pickaxe":374,"minecraft:suspicious_stew":4,"minecraft:stone_axe":28,"minecraft:cobblestone":286,"minecraft:bucket":76,"minecraft:gray_wool":1},"minecraft:custom":{"minecraft:animals_bred":2,"minecraft:interact_with_crafting_table":90,"minecraft:leave_game":12,"minecraft:time_since_death":468154,"minecraft:sprint_one_cm":770835,"minecraft:damage_blocked_by_shield":2336,"minecraft:drop":408,"minecraft:talked_to_villager":89,"minecraft:play_time":468154,"minecraft:jump":7556,"minecraft:walk_on_water_one_cm":122363,"minecraft:enchant_item":29,"minecraft:interact_with_furnace":54,"minecraft:traded_with_villager":53,"minecraft:sleep_in_bed":8,"minecraft:damage_dealt":34529,"minecraft:player_kills":1,"minecraft:crouch_one_cm":34509,"minecraft:interact_with_smoker":1,"minecraft:horse_one_cm":62350,"minecraft:mob_kills":222,"minecraft:interact_with_anvil":8,"minecraft:climb_one_cm":5719,"minecraft:walk_one_cm":1188077,"minecraft:sneak_time":9283,"minecraft:walk_under_water_one_cm":47103,"minecraft:boat_one_cm":194088,"minecraft:interact_with_blast_furnace":6,"minecraft:total_world_time":468154,"minecraft:interact_with_grindstone":4,"minecraft:time_since_rest":20785,"minecraft:damage_taken":5189,"minecraft:swim_one_cm":48734,"minecraft:fly_one_cm":1288226,"minecraft:open_chest":123,"minecraft:fall_one_cm":164826},"minecraft:crafted":{"minecraft:oak_planks":4,"minecraft:smooth_stone":3,"minecraft:melon":11,"minecraft:blaze_powder":52,"minecraft:stone":3,"minecraft:diamond_shovel":1,"minecraft:bookshelf":79,"minecraft:suspicious_stew":4,"minecraft:diamond_helmet":1,"minecraft:bow":2,"minecraft:diamond_leggings":1,"minecraft:iron_boots":1,"minecraft:chest":3,"minecraft:stone_hoe":1,"minecraft:ender_eye":5,"minecraft:smoker":1,"minecraft:emerald":33,"minecraft:diamond_axe":1,"minecraft:crafting_table":7,"minecraft:acacia_slab":42,"minecraft:wooden_pickaxe":1,"minecraft:apple":40,"minecraft:iron_chestplate":1,"minecraft:book":5,"minecraft:paper":15,"minecraft:diamond_pickaxe":2,"minecraft:shield":4,"minecraft:stick":28,"minecraft:iron_pickaxe":3,"minecraft:iron_ingot":51,"minecraft:iron_block":4,"minecraft:stone_sword":1,"minecraft:gold_ingot":18,"minecraft:composter":5,"minecraft:cookie":108,"minecraft:diamond_hoe":1,"minecraft:furnace":8,"minecraft:blast_furnace":1,"minecraft:bone_meal":126,"minecraft:diamond_block":5,"minecraft:flint_and_steel":2,"minecraft:diamond":45,"minecraft:stone_pickaxe":1,"minecraft:diamond_boots":1,"minecraft:wheat":1008,"minecraft:diamond_sword":5,"minecraft:enchanting_table":1,"minecraft:iron_sword":1,"minecraft:bucket":1,"minecraft:stone_axe":1,"minecraft:acacia_boat":1,"minecraft:bread":313,"minecraft:air":0,"minecraft:gold_nugget":1,"minecraft:anvil":1,"minecraft:white_bed":1,"minecraft:acacia_planks":697,"minecraft:diamond_chestplate":1},"minecraft:dropped":{"minecraft:iron_sword":1,"minecraft:acacia_wood":1,"minecraft:short_grass":3,"minecraft:lapis_lazuli":40,"minecraft:diamond":37,"minecraft:leather":9,"minecraft:flint":1,"minecraft:dirt":55,"minecraft:mutton":11,"minecraft:sand":9,"minecraft:iron_pickaxe":2,"minecraft:acacia_door":2,"minecraft:birch_log":3,"minecraft:white_wool":1,"minecraft:gold_ingot":18,"minecraft:bone":26,"minecraft:gravel":7,"minecraft:stone_axe":1,"minecraft:blackstone":1,"minecraft:sugar_cane":2,"minecraft:cobbled_deepslate":49,"minecraft:wheat":2,"minecraft:rotten_flesh":14,"minecraft:mossy_stone_brick_slab":1,"minecraft:acacia_stairs":2,"minecraft:eye_armor_trim_smithing_template":1,"minecraft:poppy":1,"minecraft:gunpowder":3,"minecraft:melon_seeds":17,"minecraft:acacia_slab":8,"minecraft:acacia_sapling":10,"minecraft:chest":3,"minecraft:beef":31,"minecraft:quartz":1,"minecraft:netherrack":64,"minecraft:enchanting_table":1,"minecraft:enchanted_book":2,"minecraft:stone_hoe":4,"minecraft:iron_ingot":9,"minecraft:bread":269,"minecraft:wheat_seeds":190,"minecraft:cobblestone":169,"minecraft:amethyst_block":10,"minecraft:granite":37,"minecraft:acacia_log":1,"minecraft:grass_block":1,"minecraft:coal":4,"minecraft:stick":4,"minecraft:iron_block":1,"minecraft:diorite":7,"minecraft:ink_sac":1,"minecraft:melon_slice":23,"minecraft:potion":1,"minecraft:armadillo_scute":3,"minecraft:string":54,"minecraft:redstone":18,"minecraft:stone_sword":3,"minecraft:bowl":4,"minecraft:tuff":4,"minecraft:raw_iron":11,"minecraft:iron_boots":1,"minecraft:diamond_sword":9,"minecraft:iron_chestplate":1,"minecraft:andesite":35,"minecraft:mossy_stone_bricks":6,"minecraft:spider_eye":3,"minecraft:stone_bricks":3,"minecraft:bamboo":4,"minecraft:bow":1,"minecraft:stone_pickaxe":1,"minecraft:wooden_pickaxe":1,"minecraft:magma_cream":1,"minecraft:calcite":6},"minecraft:picked_up":{"minecraft:wheat":553,"minecraft:diamond_sword":9,"minecraft:potion":1,"minecraft:enchanted_book":2,"minecraft:amethyst_block":10,"minecraft:string":54,"minecraft:soul_soil":45,"minecraft:gold_nugget":166,"minecraft:cobbled_deepslate":370,"minecraft:ender_eye":10,"minecraft:calcite":6,"minecraft:melon_slice":125,"minecraft:furnace":2,"minecraft:stick":8,"minecraft:acacia_fence":1,"minecraft:composter":9,"minecraft:torch":13,"minecraft:acacia_log":135,"minecraft:porkchop":13,"minecraft:diorite":38,"minecraft:stone_sword":2,"minecraft:rotten_flesh":29,"minecraft:armadillo_scute":4,"minecraft:blaze_rod":26,"minecraft:obsidian":17,"minecraft:iron_bars":2,"minecraft:cobblestone":608,"minecraft:birch_log":6,"minecraft:enchanting_table":3,"minecraft:magma_cream":1,"minecraft:iron_door":1,"minecraft:andesite":97,"minecraft:smoker":2,"minecraft:flint":3,"minecraft:tuff":8,"minecraft:acacia_boat":1,"minecraft:wither_skeleton_skull":1,"minecraft:lapis_lazuli":94,"minecraft:dirt":478,"minecraft:bone":47,"minecraft:acacia_planks":36,"minecraft:bow":5,"minecraft:wheat_seeds":1059,"minecraft:grindstone":3,"minecraft:mossy_stone_bricks":7,"minecraft:bamboo":4,"minecraft:stone_hoe":3,"minecraft:oak_planks":17,"minecraft:stripped_acacia_wood":5,"minecraft:sand":20,"minecraft:diamond_block":5,"minecraft:grass_block":3,"minecraft:acacia_stairs":3,"minecraft:stripped_acacia_log":3,"minecraft:diamond":136,"minecraft:granite":66,"minecraft:bread":149,"minecraft:netherrack":404,"minecraft:crafting_table":6,"minecraft:splash_potion":1,"minecraft:chicken":1,"minecraft:wooden_pickaxe":2,"minecraft:gold_block":2,"minecraft:acacia_door":13,"minecraft:white_carpet":1,"minecraft:blackstone":1,"minecraft:beef":64,"minecraft:poppy":1,"minecraft:sugar_cane":51,"minecraft:chest":5,"minecraft:egg":1,"minecraft:raw_iron":81,"minecraft:fire_charge":1,"minecraft:redstone":72,"minecraft:arrow":50,"minecraft:nether_bricks":4,"minecraft:hay_block":112,"minecraft:saddle":1,"minecraft:mutton":12,"minecraft:bone_block":10,"minecraft:white_wool":4,"minecraft:basalt":6,"minecraft:leather":38,"minecraft:acacia_wood":49,"minecraft:oak_log":5,"minecraft:gunpowder":15,"minecraft:apple":1,"minecraft:stone_bricks":3,"minecraft:iron_ingot":28,"minecraft:stone_pickaxe":1,"minecraft:soul_sand":43,"minecraft:acacia_sapling":14,"minecraft:book":399,"minecraft:smooth_basalt":1,"minecraft:quartz":29,"minecraft:gravel":15,"minecraft:blast_furnace":10,"minecraft:white_bed":3,"minecraft:crying_obsidian":4,"minecraft:mossy_stone_brick_slab":2,"minecraft:spider_eye":3,"minecraft:slime_ball":11,"minecraft:short_grass":3,"minecraft:gray_wool":1,"minecraft:oak_button":1,"minecraft:brown_banner":2,"minecraft:acacia_slab":3,"minecraft:melon_seeds":17,"minecraft:coal":20,"minecraft:ender_pearl":5},"minecraft:killed":{"minecraft:cave_spider":4,"minecraft:zombified_piglin":1,"minecraft:witch":2,"minecraft:spider":11,"minecraft:skeleton":33,"minecraft:chicken":1,"minecraft:wolf":4,"minecraft:magma_cube":3,"minecraft:pig":5,"minecraft:iron_golem":4,"minecraft:creeper":8,"minecraft:sheep":7,"minecraft:zombie":30,"minecraft:ghast":1,"minecraft:cow":31,"minecraft:blaze":12,"minecraft:slime":8,"minecraft:horse":1,"minecraft:drowned":4,"minecraft:wither_skeleton":3,"minecraft:enderman":7}},"DataVersion":3953}