{"stats":{"minecraft:picked_up":{"minecraft:crafting_table":9,"minecraft:iron_chestplate":5,"minecraft:chicken":8,"minecraft:gold_block":12,"minecraft:shield":5,"minecraft:string":24,"minecraft:red_bed":2,"minecraft:iron_axe":2,"minecraft:iron_leggings":6,"minecraft:cobbled_deepslate":2,"minecraft:spruce_planks":10,"minecraft:beef":2,"minecraft:written_book":4,"minecraft:poppy":34,"minecraft:iron_pickaxe":7,"minecraft:furnace":1,"minecraft:iron_boots":5,"minecraft:egg":4,"minecraft:golden_helmet":5,"minecraft:raw_iron":56,"minecraft:stick":108,"minecraft:torch":271,"the_silence:sad_satan":3,"minecraft:porkchop":8,"minecraft:golden_axe":4,"minecraft:stone_sword":10,"minecraft:arrow":50,"minecraft:rotten_flesh":12,"minecraft:mutton":9,"minecraft:white_wool":14,"minecraft:cobblestone":56,"minecraft:birch_log":1,"minecraft:feather":30,"minecraft:andesite":5,"minecraft:leather":7,"minecraft:birch_planks":61,"minecraft:oak_log":73,"minecraft:gunpowder":4,"sanitydim:garland":8,"minecraft:dirt":35,"man:cassette_1safetyinstructions":3,"minecraft:bone":7,"minecraft:wheat_seeds":2,"minecraft:cobweb":2,"minecraft:cooked_chicken":3,"minecraft:iron_ingot":5,"minecraft:stone_pickaxe":11,"minecraft:mossy_stone_brick_wall":1,"minecraft:oak_planks":93,"minecraft:iron_sword":5,"minecraft:cooked_porkchop":10,"minecraft:pumpkin":25,"minecraft:sweet_berries":44,"minecraft:dandelion":18,"minecraft:white_bed":9,"minecraft:spruce_log":7,"minecraft:spider_eye":4,"minecraft:stone_axe":15,"minecraft:iron_helmet":4,"minecraft:oak_sapling":71,"minecraft:netherrack":11,"minecraft:coal":157},"minecraft:custom":{"minecraft:mob_kills":27,"minecraft:interact_with_crafting_table":19,"minecraft:leave_game":3,"minecraft:time_since_death":8907,"minecraft:sprint_one_cm":188876,"minecraft:walk_one_cm":336612,"minecraft:damage_blocked_by_shield":3125,"minecraft:drop":41,"minecraft:play_time":124000,"minecraft:deaths":8,"minecraft:sneak_time":6169,"minecraft:walk_under_water_one_cm":165,"minecraft:jump":2539,"minecraft:walk_on_water_one_cm":3193,"minecraft:total_world_time":124000,"minecraft:interact_with_furnace":39,"minecraft:sleep_in_bed":18,"minecraft:time_since_rest":8930,"minecraft:damage_taken":3952,"minecraft:damage_dealt":5618,"minecraft:swim_one_cm":1270,"minecraft:fly_one_cm":274601,"minecraft:player_kills":5,"minecraft:open_chest":2,"minecraft:crouch_one_cm":21294,"minecraft:fall_one_cm":78154},"minecraft:mined":{"minecraft:white_bed":6,"the_silence:sad_satan":3,"minecraft:glow_lichen":1,"minecraft:grass_block":13,"minecraft:spruce_leaves":14,"minecraft:furnace":1,"minecraft:fire":1,"minecraft:iron_ore":22,"minecraft:andesite":3,"minecraft:pumpkin":3,"minecraft:azure_bluet":1,"minecraft:gold_block":2,"minecraft:deepslate_iron_ore":2,"minecraft:stone":44,"minecraft:white_wool":6,"minecraft:red_wool":2,"minecraft:red_bed":2,"minecraft:dandelion":11,"minecraft:crafting_table":5,"minecraft:torch":1,"minecraft:poppy":10,"minecraft:tall_grass":4,"minecraft:oak_planks":85,"minecraft:wall_torch":3,"minecraft:mossy_stone_brick_wall":1,"minecraft:birch_log":4,"minecraft:spruce_log":7,"minecraft:birch_leaves":13,"minecraft:grass":46,"minecraft:coal_ore":63,"minecraft:oak_log":46,"minecraft:dirt":18,"minecraft:netherrack":9,"minecraft:oak_leaves":69,"minecraft:deepslate":1},"minecraft:crafted":{"minecraft:oak_planks":164,"minecraft:cooked_chicken":1,"minecraft:furnace":1,"sanitydim:garland":1,"minecraft:cooked_mutton":2,"minecraft:iron_boots":1,"minecraft:stone_pickaxe":1,"minecraft:cooked_porkchop":10,"minecraft:crafting_table":1,"minecraft:spruce_planks":28,"minecraft:wooden_pickaxe":1,"minecraft:iron_sword":1,"minecraft:pumpkin_seeds":8,"minecraft:stone_axe":1,"minecraft:air":0,"minecraft:iron_chestplate":1,"minecraft:shield":3,"minecraft:stick":76,"minecraft:iron_ingot":32,"minecraft:iron_pickaxe":1,"minecraft:stone_sword":1,"minecraft:iron_leggings":1,"minecraft:white_bed":1,"minecraft:torch":156},"minecraft:broken":{"sanitydim:garland":4},"minecraft:killed":{"minecraft:spider":4,"minecraft:skeleton":2,"minecraft:chicken":4,"minecraft:pig":6,"minecraft:sheep":5,"minecraft:zombie":6,"doppelgangermod:the_doppelgangerpure":1,"minecraft:cow":1},"minecraft:used":{"minecraft:stone_sword":34,"doppelgangermod:disguise_iron_golem_spawn_egg":1,"minecraft:spruce_planks":2,"minecraft:shield":46,"minecraft:iron_sword":71,"minecraft:cooked_chicken":1,"minecraft:rotten_flesh":5,"minecraft:netherrack":8,"minecraft:iron_chestplate":1,"minecraft:torch":91,"minecraft:dirt":25,"minecraft:mutton":2,"sanitydim:garland":3,"doppelgangermod:dpstrawman_spawn_egg":1,"doppelgangermod:disguise_chicken_spawn_egg":11,"minecraft:iron_axe":9,"minecraft:iron_boots":3,"minecraft:beef":2,"minecraft:written_book":2,"minecraft:sweet_berries":44,"minecraft:oak_sapling":5,"minecraft:furnace":2,"minecraft:egg":2,"minecraft:cobbled_deepslate":1,"minecraft:mossy_stone_brick_wall":1,"minecraft:pumpkin":10,"minecraft:golden_axe":89,"minecraft:iron_leggings":3,"minecraft:cooked_mutton":2,"minecraft:stone_pickaxe":16,"minecraft:oak_planks":175,"minecraft:wooden_pickaxe":22,"minecraft:white_wool":8,"minecraft:crafting_table":6,"minecraft:red_bed":2,"minecraft:spider_eye":2,"minecraft:white_bed":8,"doppelgangermod:dpcreeper_spawn_egg":1,"minecraft:chicken":2,"minecraft:iron_pickaxe":114,"minecraft:stone_axe":66,"minecraft:fire_charge":1,"minecraft:cobblestone":33,"minecraft:cooked_porkchop":13,"minecraft:porkchop":3,"minecraft:andesite":3,"doppelgangermod:dpwandering_spawn_egg":1,"minecraft:dandelion":1,"the_silence:sad_satan":3},"minecraft:killed_by":{"the_silence:the_silence_principal":1,"minecraft:player":1,"cartoon_dweller:cartoon_dweller":3,"man:managgresive":1},"minecraft:dropped":{"minecraft:iron_ingot":6,"minecraft:birch_planks":30,"minecraft:wheat_seeds":1,"minecraft:oak_log":16,"man:cassette_1safetyinstructions":1,"minecraft:mutton":1,"minecraft:birch_log":1,"minecraft:dandelion":7,"minecraft:stone_axe":4,"minecraft:stone_sword":5,"doppelgangermod:disguise_chicken_spawn_egg":1,"minecraft:pumpkin_seeds":8,"doppelgangermod:dpwandering_spawn_egg":1,"minecraft:shield":1,"sanitydim:garland":2,"minecraft:oak_sapling":16,"minecraft:spider_eye":2,"minecraft:stone_pickaxe":5,"minecraft:written_book":2}},"DataVersion":3120}