{"stats":{"minecraft:mined":{"minecraft:acacia_log":8,"minecraft:grass_block":3,"vampirism:weapon_table":1,"minecraft:sandstone":11,"minecraft:hay_block":46,"minecraft:furnace":2,"minecraft:fire":3,"minecraft:iron_ore":43,"minecraft:andesite":1,"vampirism:tent":7,"minecraft:stone":57,"minecraft:acacia_leaves":1,"vampirism:tent_main":4,"minecraft:smooth_sandstone":1,"minecraft:crafting_table":2,"minecraft:torch":1,"minecraft:dead_bush":14,"minecraft:tall_grass":19,"minecraft:cobblestone":2,"minecraft:diorite":2,"minecraft:wall_torch":1,"minecraft:blue_terracotta":1,"vampirism:totem_base":2,"minecraft:lime_glazed_terracotta":2,"vampirism:totem_top":1,"minecraft:grass":90,"minecraft:oak_log":9,"minecraft:coal_ore":29,"vampirism:fire_place":2,"minecraft:sand":19,"minecraft:dirt":5},"minecraft:killed_by":{"minecraft:player":1,"mutantbeasts:mutant_skeleton":1,"minecraft:zombie":1},"minecraft:picked_up":{"minecraft:crafting_table":2,"vampirism:injection_garlic":1,"vampirism:pure_salt_water":3,"minecraft:string":7,"vampirism:totem_base":2,"minecraft:beef":18,"minecraft:poppy":2,"minecraft:chest":1,"minecraft:furnace":2,"minecraft:egg":1,"minecraft:stick":7,"minecraft:sandstone":53,"minecraft:torch":9,"minecraft:acacia_log":9,"minecraft:porkchop":11,"vampirism:holy_water_bottle_enhanced":1,"minecraft:diorite":2,"tombstone:grave_dust":3,"vampirism:vampire_fang":2,"vampirism:amulet":1,"minecraft:tnt":1,"vampirism:hunter_table":1,"minecraft:arrow":14,"minecraft:cactus":1,"minecraft:rotten_flesh":18,"minecraft:hay_block":45,"tombstone:essence_of_undeath":1,"minecraft:gold_ingot":2,"minecraft:mutton":12,"minecraft:cobblestone":47,"minecraft:white_wool":13,"vampirism:vampire_book":1,"vampirism:weapon_table":1,"vampirism:vampire_blood_bottle":1,"minecraft:cooked_beef":3,"vampirism:item_tent":7,"minecraft:andesite":1,"minecraft:cut_sandstone":1,"minecraft:leather":15,"vampirism:stake":1,"minecraft:flint":1,"minecraft:oak_log":9,"minecraft:gunpowder":16,"minecraft:dirt":8,"minecraft:smooth_sandstone":28,"minecraft:bone":15,"vampirism:human_heart":5,"minecraft:acacia_planks":4,"minecraft:apple":1,"minecraft:wheat_seeds":20,"vampirism:item_garlic":7,"minecraft:stone_pickaxe":1,"minecraft:iron_ingot":10,"minecraft:iron_ore":44,"minecraft:oak_planks":2,"minecraft:book":18,"vampirism:fire_place":3,"minecraft:sand":107,"minecraft:spider_eye":7,"minecraft:leather_helmet":1,"travelersbackpack:standard":1,"minecraft:blue_terracotta":1,"tombstone:familiar_stone":2,"minecraft:bread":26,"minecraft:coal":35,"minecraft:ender_pearl":5},"minecraft:custom":{"minecraft:mob_kills":71,"minecraft:interact_with_crafting_table":31,"minecraft:damage_dealt_resisted":920,"minecraft:leave_game":1,"minecraft:time_since_death":1544,"minecraft:sprint_one_cm":293258,"minecraft:walk_one_cm":250698,"minecraft:damage_blocked_by_shield":618,"minecraft:drop":62,"minecraft:talked_to_villager":10,"minecraft:deaths":4,"minecraft:sneak_time":1867,"minecraft:walk_under_water_one_cm":2014,"minecraft:jump":2941,"minecraft:walk_on_water_one_cm":8031,"minecraft:interact_with_furnace":69,"minecraft:play_one_minute":125291,"minecraft:sleep_in_bed":3,"minecraft:time_since_rest":1604,"minecraft:waystone_activated":2,"minecraft:damage_taken":3423,"minecraft:damage_dealt":19680,"minecraft:swim_one_cm":14537,"minecraft:fly_one_cm":686262,"minecraft:player_kills":4,"minecraft:open_chest":10,"minecraft:crouch_one_cm":2575,"tombstone:undead_killed":20,"minecraft:fall_one_cm":76535},"minecraft:crafted":{"minecraft:oak_planks":36,"spartanshields:shield_basic_iron":1,"minecraft:furnace":2,"minecraft:cooked_mutton":5,"minecraft:flint_and_steel":1,"minecraft:iron_boots":1,"minecraft:iron_axe":1,"minecraft:stone_pickaxe":1,"minecraft:chest":2,"minecraft:wheat":405,"spartanshields:shield_basic_wood":1,"minecraft:cooked_beef":17,"minecraft:crafting_table":3,"minecraft:wooden_pickaxe":1,"minecraft:iron_helmet":1,"minecraft:iron_sword":2,"minecraft:leather_helmet":1,"minecraft:bucket":1,"minecraft:bread":135,"minecraft:air":0,"minecraft:tnt":2,"minecraft:iron_chestplate":1,"minecraft:shield":1,"minecraft:stick":28,"minecraft:iron_pickaxe":2,"minecraft:iron_ingot":39,"minecraft:stone_sword":1,"minecraft:iron_leggings":1,"minecraft:acacia_planks":32,"minecraft:torch":76},"minecraft:killed":{"vampirism:vampire":1,"minecraft:spider":12,"mutantbeasts:mutant_enderman":1,"minecraft:skeleton":8,"vampirism:advanced_hunter":4,"minecraft:husk":6,"minecraft:iron_golem":2,"minecraft:creeper":1,"vampirism:hunter":12,"minecraft:sheep":8,"minecraft:zombie":6,"minecraft:cow":7},"minecraft:used":{"minecraft:stone_sword":11,"minecraft:flint_and_steel":3,"minecraft:shield":4,"minecraft:iron_sword":274,"minecraft:rotten_flesh":9,"minecraft:torch":11,"minecraft:dirt":8,"vampirism:item_tent":7,"minecraft:iron_axe":34,"minecraft:smooth_sandstone":28,"minecraft:furnace":4,"tombstone:gift":4,"minecraft:egg":1,"minecraft:cooked_beef":12,"vampirism:fire_place":2,"minecraft:water_bucket":11,"minecraft:diorite":2,"minecraft:stone_pickaxe":34,"minecraft:ender_pearl":1,"minecraft:wooden_pickaxe":15,"minecraft:sandstone":31,"minecraft:sand":69,"minecraft:tnt":3,"minecraft:crafting_table":5,"vampirism:stake":5,"minecraft:apple":1,"minecraft:bread":36,"minecraft:iron_pickaxe":117,"spartanshields:shield_basic_iron":28,"tombstone:familiar_stone":19,"minecraft:cobblestone":26,"travelersbackpack:standard":2,"minecraft:andesite":1,"minecraft:bucket":12,"vampirism:totem_base":1},"minecraft:dropped":{"minecraft:wheat_seeds":16,"minecraft:cooked_beef":6,"minecraft:leather":10,"minecraft:acacia_log":1,"minecraft:leather_helmet":1,"minecraft:stick":2,"minecraft:torch":6,"tombstone:grave_dust":1,"minecraft:sand":13,"minecraft:string":7,"minecraft:white_wool":5,"minecraft:acacia_planks":8,"minecraft:bone":14,"vampirism:fire_place":1,"minecraft:stone_sword":1,"minecraft:rotten_flesh":7,"minecraft:cooked_mutton":5,"minecraft:poppy":2,"minecraft:gunpowder":4,"vampirism:vampire_blood_bottle":2,"vampirism:vampire_fang":1,"minecraft:chest":3,"minecraft:spider_eye":6,"tombstone:essence_of_undeath":1,"minecraft:sandstone":10,"minecraft:arrow":5,"minecraft:stone_pickaxe":2}},"DataVersion":2586}