{"stats":{"minecraft:used":{"minecraft:stone_sword":11,"minecraft:flint_and_steel":34,"minecraft:shield":4,"minecraft:iron_sword":375,"minecraft:rotten_flesh":9,"minecraft:torch":79,"tombstone:scroll_of_preservation":1,"minecraft:dirt":80,"tombstone:tablet_of_recall":1,"vampirism:item_tent":7,"tombstone:ankh_of_pray":2,"minecraft:iron_axe":63,"minecraft:smooth_sandstone":28,"securitycraft:sentry":2,"minecraft:furnace":5,"tombstone:gift":11,"minecraft:egg":1,"minecraft:cooked_beef":12,"vampirism:fire_place":2,"minecraft:water_bucket":46,"minecraft:diorite":2,"tombstone:scroll_of_reach":1,"securitycraft:reinforced_oak_planks":27,"minecraft:stone_pickaxe":34,"minecraft:oak_planks":2,"minecraft:ender_pearl":1,"minecraft:wooden_pickaxe":15,"vampirism:human_heart":1,"minecraft:sandstone":35,"minecraft:sand":157,"minecraft:tnt":7,"minecraft:crafting_table":5,"securitycraft:universal_block_remover":5,"vampirism:stake":10,"minecraft:apple":1,"minecraft:bread":73,"minecraft:iron_pickaxe":306,"tombstone:magic_scroll":1,"minecraft:gravel":3,"spartanshields:shield_basic_iron":53,"tombstone:familiar_stone":19,"minecraft:diamond_sword":85,"minecraft:cobblestone":118,"travelersbackpack:standard":2,"minecraft:cooked_porkchop":1,"minecraft:andesite":1,"minecraft:bucket":47,"vampirism:totem_base":1},"minecraft:crafted":{"minecraft:oak_planks":36,"spartanshields:shield_basic_iron":1,"minecraft:furnace":3,"minecraft:cooked_mutton":5,"minecraft:flint_and_steel":1,"minecraft:diamond_leggings":1,"minecraft:iron_boots":2,"minecraft:iron_axe":1,"minecraft:stone_pickaxe":1,"minecraft:chest":2,"minecraft:wheat":882,"spartanshields:shield_basic_wood":1,"minecraft:cooked_beef":17,"minecraft:diamond_sword":1,"minecraft:cooked_porkchop":1,"minecraft:crafting_table":3,"minecraft:wooden_pickaxe":1,"minecraft:iron_helmet":2,"minecraft:iron_sword":3,"minecraft:leather_helmet":1,"minecraft:bucket":1,"minecraft:bread":294,"minecraft:air":0,"minecraft:tnt":5,"minecraft:iron_chestplate":1,"minecraft:diamond_pickaxe":1,"vampirism:armor_of_swiftness_chest_ultimate":1,"minecraft:shield":1,"minecraft:stick":28,"minecraft:iron_ingot":69,"minecraft:iron_pickaxe":3,"minecraft:stone_sword":1,"minecraft:iron_leggings":1,"minecraft:gold_ingot":27,"minecraft:acacia_planks":32,"minecraft:torch":76},"minecraft:killed_by":{"minecraft:player":2,"mutantbeasts:mutant_skeleton":2,"minecraft:zombie":1},"minecraft:picked_up":{"minecraft:crafting_table":2,"vampirism:injection_garlic":1,"vampirism:heart_striker_enhanced":1,"mutantbeasts:mutant_skeleton_boots":1,"tombstone:scroll_of_preservation":1,"securitycraft:reinforced_oak_planks":27,"vampirism:pure_salt_water":3,"minecraft:string":48,"vampirism:totem_base":2,"mutantbeasts:mutant_skeleton_chestplate":1,"minecraft:beef":18,"minecraft:poppy":2,"minecraft:chest":1,"minecraft:furnace":2,"minecraft:iron_boots":1,"minecraft:egg":2,"tombstone:ankh_of_pray":1,"minecraft:stick":14,"minecraft:sandstone":78,"minecraft:oak_fence":2,"minecraft:torch":19,"minecraft:acacia_log":9,"minecraft:porkchop":11,"vampirism:holy_water_bottle_enhanced":1,"minecraft:diorite":5,"tombstone:grave_dust":11,"vampirism:vampire_fang":2,"vampirism:amulet":1,"minecraft:redstone":60,"minecraft:tnt":2,"vampirism:hunter_table":1,"minecraft:arrow":38,"minecraft:cactus":1,"minecraft:rotten_flesh":49,"minecraft:hay_block":98,"tombstone:essence_of_undeath":1,"minecraft:gold_ingot":2,"minecraft:mutton":12,"minecraft:rail":3,"minecraft:white_wool":13,"minecraft:cobblestone":146,"mutantbeasts:mutant_skeleton_skull":1,"vampirism:vampire_book":1,"vampirism:weapon_table":1,"vampirism:vampire_blood_bottle":1,"minecraft:cooked_beef":3,"vampirism:item_tent":8,"minecraft:andesite":1,"minecraft:cut_sandstone":1,"minecraft:leather":15,"mutantbeasts:mutant_skeleton_leggings":1,"vampirism:stake":2,"minecraft:flint":3,"minecraft:oak_log":9,"minecraft:gunpowder":32,"vampirism:hunter_coat_legs_ultimate":2,"minecraft:dirt":148,"securitycraft:sentry":2,"tombstone:gift":1,"minecraft:smooth_sandstone":28,"minecraft:bone":34,"vampirism:human_heart":6,"minecraft:acacia_planks":4,"minecraft:apple":1,"minecraft:bow":1,"minecraft:wheat_seeds":24,"vampirism:item_garlic":7,"minecraft:iron_ingot":16,"minecraft:stone_pickaxe":1,"minecraft:iron_ore":74,"securitycraft:universal_block_reinforcer_lvl1":1,"minecraft:oak_planks":31,"minecraft:book":18,"minecraft:cooked_porkchop":1,"vampirism:fire_place":3,"minecraft:dandelion":1,"minecraft:gravel":6,"minecraft:sand":341,"minecraft:gold_ore":27,"minecraft:spider_eye":11,"minecraft:leather_helmet":2,"securitycraft:universal_block_remover":1,"travelersbackpack:standard":1,"minecraft:blue_terracotta":1,"tombstone:familiar_stone":2,"minecraft:diamond":13,"tombstone:tablet_of_recall":1,"minecraft:iron_helmet":1,"minecraft:granite":8,"minecraft:bread":27,"tombstone:magic_scroll":1,"minecraft:coal":39,"vampirism:armor_of_swiftness_chest_ultimate":2,"minecraft:ender_pearl":5},"minecraft:custom":{"minecraft:interact_with_smithing_table":1,"minecraft:mob_kills":150,"minecraft:interact_with_crafting_table":42,"minecraft:bell_ring":2,"minecraft:damage_dealt_resisted":41280,"minecraft:leave_game":2,"minecraft:time_since_death":3817,"minecraft:sprint_one_cm":510547,"minecraft:walk_one_cm":469154,"minecraft:damage_blocked_by_shield":1858,"tombstone:consume_soul":1,"minecraft:drop":215,"minecraft:talked_to_villager":12,"minecraft:deaths":6,"minecraft:sneak_time":2730,"minecraft:walk_under_water_one_cm":3738,"minecraft:jump":4684,"minecraft:walk_on_water_one_cm":48192,"minecraft:interact_with_furnace":107,"tombstone:raider_killed":5,"minecraft:play_one_minute":216787,"minecraft:sleep_in_bed":6,"minecraft:time_since_rest":338,"minecraft:waystone_activated":3,"minecraft:damage_taken":5559,"minecraft:damage_dealt":34645,"minecraft:player_kills":7,"minecraft:swim_one_cm":17495,"minecraft:fly_one_cm":1013080,"minecraft:open_chest":29,"minecraft:crouch_one_cm":5323,"tombstone:undead_killed":58,"minecraft:fall_one_cm":108640},"minecraft:dropped":{"minecraft:wheat_seeds":16,"vampirism:stake":1,"minecraft:cooked_beef":6,"minecraft:cooked_porkchop":1,"vampirism:hunter_coat_legs_ultimate":1,"minecraft:oak_fence":2,"minecraft:iron_helmet":2,"minecraft:leather":10,"minecraft:granite":8,"vampirism:hunter_table":1,"minecraft:acacia_log":1,"minecraft:rail":3,"vampirism:amulet":2,"minecraft:leather_helmet":3,"minecraft:flint":2,"minecraft:stick":2,"minecraft:dirt":12,"minecraft:diorite":3,"minecraft:torch":6,"tombstone:grave_dust":8,"minecraft:sand":104,"minecraft:string":44,"minecraft:white_wool":5,"minecraft:acacia_planks":8,"minecraft:bone":22,"minecraft:blue_terracotta":1,"vampirism:fire_place":1,"minecraft:stone_sword":1,"vampirism:holy_water_bottle_normal":5,"vampirism:holy_water_bottle_enhanced":1,"minecraft:rotten_flesh":23,"minecraft:iron_boots":2,"minecraft:oak_planks":4,"minecraft:cooked_mutton":5,"vampirism:heart_striker_enhanced":1,"minecraft:poppy":2,"minecraft:gunpowder":4,"vampirism:vampire_blood_bottle":2,"vampirism:vampire_fang":1,"minecraft:chest":3,"minecraft:spider_eye":9,"tombstone:essence_of_undeath":1,"minecraft:sandstone":35,"minecraft:arrow":5,"minecraft:stone_pickaxe":2,"vampirism:pure_salt_water":3},"minecraft:killed":{"vampirism:vampire":2,"minecraft:cave_spider":5,"minecraft:spider":22,"mutantbeasts:mutant_enderman":1,"minecraft:skeleton":25,"vampirism:advanced_hunter":4,"minecraft:husk":8,"minecraft:iron_golem":3,"minecraft:creeper":19,"mutantbeasts:mutant_skeleton":1,"vampirism:hunter":16,"minecraft:sheep":8,"minecraft:zombie":24,"minecraft:cow":7},"minecraft:mined":{"minecraft:diamond_ore":13,"minecraft:granite":7,"minecraft:acacia_log":8,"minecraft:grass_block":3,"vampirism:weapon_table":1,"minecraft:sandstone":15,"minecraft:hay_block":99,"minecraft:redstone_ore":12,"minecraft:furnace":2,"minecraft:iron_ore":75,"minecraft:fire":14,"minecraft:andesite":2,"vampirism:tent":7,"minecraft:stone":139,"minecraft:acacia_leaves":1,"minecraft:dandelion":1,"vampirism:tent_main":5,"minecraft:oak_fence":2,"minecraft:torch":2,"minecraft:smooth_sandstone":1,"minecraft:crafting_table":2,"minecraft:dead_bush":21,"minecraft:tall_grass":24,"minecraft:cobblestone":10,"minecraft:oak_planks":25,"minecraft:diorite":2,"minecraft:wall_torch":5,"minecraft:blue_terracotta":1,"vampirism:totem_base":2,"minecraft:lime_glazed_terracotta":2,"vampirism:totem_top":1,"minecraft:tnt":1,"minecraft:grass":108,"minecraft:oak_log":9,"minecraft:coal_ore":31,"vampirism:fire_place":2,"minecraft:sand":22,"minecraft:gravel":7,"minecraft:dirt":10,"minecraft:cobweb":20,"minecraft:gold_ore":28}},"DataVersion":2586}