{"stats":{"minecraft:broken":{"minecraft:wooden_pickaxe":1,"minecraft:stone_pickaxe":1},"minecraft:mined":{"minecraft:diamond_ore":5,"minecraft:tuff":8,"minecraft:white_bed":2,"minecraft:deepslate_diamond_ore":64,"minecraft:obsidian":2,"minecraft:granite":16,"minecraft:acacia_log":8,"minecraft:grass_block":5,"minecraft:acacia_slab":1,"minecraft:hay_block":73,"minecraft:furnace":2,"minecraft:iron_ore":40,"minecraft:cobbled_deepslate":3,"minecraft:acacia_wood":4,"minecraft:acacia_stairs":1,"minecraft:andesite":36,"minecraft:deepslate_lapis_ore":4,"minecraft:enchanting_table":1,"minecraft:stone":287,"minecraft:acacia_leaves":1,"minecraft:basalt":6,"minecraft:crafting_table":6,"minecraft:short_grass":40,"minecraft:chest":1,"minecraft:tall_grass":3,"minecraft:cobblestone":19,"minecraft:lapis_ore":1,"minecraft:sugar_cane":4,"minecraft:oak_planks":17,"minecraft:diorite":25,"minecraft:seagrass":1,"minecraft:wheat":62,"minecraft:white_carpet":1,"minecraft:coal_ore":10,"minecraft:acacia_fence":1,"minecraft:gravel":10,"minecraft:dirt":19,"minecraft:acacia_planks":5,"minecraft:oak_button":1,"minecraft:deepslate":182},"minecraft:custom":{"minecraft:mob_kills":38,"minecraft:interact_with_crafting_table":40,"minecraft:leave_game":5,"minecraft:time_since_death":100094,"minecraft:climb_one_cm":272,"minecraft:sprint_one_cm":109596,"minecraft:walk_one_cm":203666,"minecraft:damage_blocked_by_shield":30,"minecraft:drop":139,"minecraft:talked_to_villager":24,"minecraft:play_time":100094,"minecraft:sneak_time":3171,"minecraft:walk_under_water_one_cm":9245,"minecraft:boat_one_cm":57774,"minecraft:jump":1643,"minecraft:walk_on_water_one_cm":19369,"minecraft:enchant_item":9,"minecraft:total_world_time":100094,"minecraft:interact_with_furnace":24,"minecraft:sleep_in_bed":4,"minecraft:time_since_rest":8014,"minecraft:damage_taken":702,"minecraft:damage_dealt":5691,"minecraft:player_kills":1,"minecraft:swim_one_cm":7170,"minecraft:fly_one_cm":239197,"minecraft:open_chest":4,"minecraft:crouch_one_cm":10106,"minecraft:fall_one_cm":40734,"minecraft:horse_one_cm":62350},"minecraft:used":{"minecraft:stone_sword":15,"minecraft:enchanting_table":1,"minecraft:flint_and_steel":9,"minecraft:shield":1,"minecraft:iron_sword":23,"minecraft:stone_hoe":65,"minecraft:iron_chestplate":1,"minecraft:dirt":12,"minecraft:mutton":1,"minecraft:white_carpet":1,"minecraft:tuff":4,"minecraft:lava_bucket":9,"minecraft:iron_boots":1,"minecraft:basalt":5,"minecraft:furnace":7,"minecraft:acacia_fence":1,"minecraft:acacia_wood":1,"minecraft:cobbled_deepslate":38,"minecraft:acacia_planks":9,"minecraft:wheat_seeds":19,"minecraft:water_bucket":16,"minecraft:stone_pickaxe":131,"minecraft:oak_planks":7,"minecraft:wooden_pickaxe":38,"minecraft:diamond_axe":24,"minecraft:crafting_table":11,"minecraft:white_bed":2,"minecraft:diamond_pickaxe":193,"minecraft:oak_button":1,"minecraft:bread":21,"minecraft:iron_pickaxe":374,"minecraft:gravel":7,"minecraft:stone_axe":28,"minecraft:diamond_sword":46,"minecraft:cobblestone":163,"minecraft:andesite":10,"minecraft:bucket":26},"minecraft:crafted":{"minecraft:furnace":6,"minecraft:flint_and_steel":2,"minecraft:diamond_helmet":1,"minecraft:diamond_leggings":1,"minecraft:iron_boots":1,"minecraft:stone_pickaxe":1,"minecraft:diamond_boots":1,"minecraft:stone_hoe":1,"minecraft:wheat":657,"minecraft:diamond_sword":1,"minecraft:diamond_axe":1,"minecraft:crafting_table":5,"minecraft:enchanting_table":1,"minecraft:wooden_pickaxe":1,"minecraft:iron_sword":1,"minecraft:bucket":1,"minecraft:stone_axe":1,"minecraft:bread":233,"minecraft:air":0,"minecraft:iron_chestplate":1,"minecraft:book":2,"minecraft:paper":6,"minecraft:diamond_pickaxe":1,"minecraft:shield":1,"minecraft:stick":20,"minecraft:iron_ingot":28,"minecraft:iron_pickaxe":3,"minecraft:stone_sword":1,"minecraft:white_bed":1,"minecraft:acacia_planks":36,"minecraft:diamond_chestplate":1},"minecraft:dropped":{"minecraft:stone_hoe":3,"minecraft:bread":265,"minecraft:iron_sword":1,"minecraft:wheat_seeds":160,"minecraft:diamond":37,"minecraft:cobblestone":15,"minecraft:leather":1,"minecraft:acacia_log":1,"minecraft:stick":1,"minecraft:dirt":11,"minecraft:mutton":6,"minecraft:armadillo_scute":1,"minecraft:iron_pickaxe":2,"minecraft:acacia_door":1,"minecraft:string":1,"minecraft:white_wool":1,"minecraft:bone":6,"minecraft:gravel":6,"minecraft:stone_axe":1,"minecraft:sugar_cane":2,"minecraft:stone_sword":2,"minecraft:cobbled_deepslate":19,"minecraft:tuff":4,"minecraft:wheat":2,"minecraft:raw_iron":11,"minecraft:rotten_flesh":4,"minecraft:iron_boots":1,"minecraft:acacia_stairs":1,"minecraft:iron_chestplate":1,"minecraft:acacia_slab":1,"minecraft:chest":1,"minecraft:spider_eye":1,"minecraft:beef":10,"minecraft:wooden_pickaxe":1,"minecraft:stone_pickaxe":1},"minecraft:picked_up":{"minecraft:crafting_table":6,"minecraft:wheat":54,"minecraft:chicken":1,"minecraft:wooden_pickaxe":2,"minecraft:string":1,"minecraft:acacia_door":1,"minecraft:white_carpet":1,"minecraft:cobbled_deepslate":185,"minecraft:beef":10,"minecraft:sugar_cane":8,"minecraft:chest":1,"minecraft:furnace":2,"minecraft:stick":1,"minecraft:raw_iron":65,"minecraft:acacia_fence":1,"minecraft:acacia_log":9,"minecraft:diorite":25,"minecraft:stone_sword":1,"minecraft:arrow":10,"minecraft:rotten_flesh":4,"minecraft:hay_block":73,"minecraft:armadillo_scute":1,"minecraft:saddle":1,"minecraft:obsidian":4,"minecraft:mutton":7,"minecraft:cobblestone":313,"minecraft:white_wool":4,"minecraft:enchanting_table":1,"minecraft:basalt":5,"minecraft:andesite":40,"minecraft:leather":3,"minecraft:acacia_wood":4,"minecraft:flint":2,"minecraft:tuff":8,"minecraft:gunpowder":3,"minecraft:lapis_lazuli":33,"minecraft:dirt":26,"minecraft:bone":8,"minecraft:acacia_planks":5,"minecraft:wheat_seeds":179,"minecraft:stone_pickaxe":1,"minecraft:iron_ingot":10,"minecraft:stone_hoe":2,"minecraft:oak_planks":17,"minecraft:gravel":13,"minecraft:white_bed":2,"minecraft:acacia_stairs":1,"minecraft:spider_eye":1,"minecraft:slime_ball":8,"minecraft:diamond":74,"minecraft:granite":16,"minecraft:bread":148,"minecraft:oak_button":1,"minecraft:acacia_slab":1,"minecraft:coal":16},"minecraft:killed":{"minecraft:cave_spider":3,"minecraft:spider":3,"minecraft:slime":5,"minecraft:skeleton":7,"minecraft:horse":1,"minecraft:chicken":1,"minecraft:iron_golem":1,"minecraft:creeper":1,"minecraft:sheep":4,"minecraft:zombie":7,"minecraft:cow":2}},"DataVersion":3953}