{"stats":{"minecraft:mined":{"minecraft:diamond_ore":13,"minecraft:granite":7,"minecraft:acacia_log":8,"minecraft:grass_block":3,"vampirism:weapon_table":1,"minecraft:sandstone":15,"minecraft:hay_block":46,"minecraft:redstone_ore":12,"minecraft:furnace":2,"minecraft:iron_ore":75,"minecraft:fire":7,"minecraft:andesite":2,"vampirism:tent":7,"minecraft:stone":139,"minecraft:acacia_leaves":1,"vampirism:tent_main":4,"minecraft:oak_fence":2,"minecraft:smooth_sandstone":1,"minecraft:crafting_table":2,"minecraft:torch":2,"minecraft:dead_bush":19,"minecraft:tall_grass":19,"minecraft:cobblestone":10,"minecraft:diorite":2,"minecraft:wall_torch":4,"minecraft:blue_terracotta":1,"vampirism:totem_base":2,"minecraft:lime_glazed_terracotta":2,"vampirism:totem_top":1,"minecraft:grass":90,"minecraft:oak_log":9,"minecraft:coal_ore":31,"vampirism:fire_place":2,"minecraft:sand":21,"minecraft:gravel":7,"minecraft:dirt":6,"minecraft:cobweb":20,"minecraft:gold_ore":28},"minecraft:dropped":{"minecraft:wheat_seeds":16,"vampirism:stake":1,"minecraft:cooked_beef":6,"minecraft:cooked_porkchop":1,"minecraft:oak_fence":2,"minecraft:iron_helmet":1,"minecraft:leather":10,"minecraft:granite":8,"vampirism:hunter_table":1,"minecraft:acacia_log":1,"minecraft:rail":3,"vampirism:amulet":2,"minecraft:leather_helmet":3,"minecraft:flint":2,"minecraft:stick":2,"minecraft:dirt":12,"minecraft:diorite":3,"minecraft:torch":6,"tombstone:grave_dust":1,"minecraft:sand":29,"minecraft:string":44,"minecraft:white_wool":5,"minecraft:acacia_planks":8,"minecraft:bone":22,"minecraft:blue_terracotta":1,"vampirism:fire_place":1,"minecraft:stone_sword":1,"vampirism:holy_water_bottle_normal":5,"vampirism:holy_water_bottle_enhanced":1,"minecraft:rotten_flesh":22,"minecraft:iron_boots":1,"minecraft:oak_planks":4,"minecraft:cooked_mutton":5,"vampirism:heart_striker_enhanced":1,"minecraft:poppy":2,"minecraft:gunpowder":4,"vampirism:vampire_blood_bottle":2,"vampirism:vampire_fang":1,"minecraft:chest":3,"minecraft:spider_eye":9,"tombstone:essence_of_undeath":1,"minecraft:sandstone":10,"minecraft:arrow":5,"minecraft:stone_pickaxe":2,"vampirism:pure_salt_water":3},"minecraft:killed":{"vampirism:vampire":2,"minecraft:cave_spider":5,"minecraft:spider":17,"mutantbeasts:mutant_enderman":1,"minecraft:skeleton":17,"vampirism:advanced_hunter":4,"minecraft:husk":8,"minecraft:iron_golem":2,"minecraft:creeper":2,"vampirism:hunter":14,"minecraft:sheep":8,"minecraft:zombie":9,"minecraft:cow":7},"minecraft:used":{"minecraft:stone_sword":11,"minecraft:flint_and_steel":22,"minecraft:shield":4,"minecraft:iron_sword":375,"minecraft:rotten_flesh":9,"minecraft:torch":79,"minecraft:dirt":8,"vampirism:item_tent":7,"minecraft:iron_axe":37,"minecraft:smooth_sandstone":28,"minecraft:furnace":5,"tombstone:gift":4,"minecraft:egg":1,"minecraft:cooked_beef":12,"vampirism:fire_place":2,"minecraft:water_bucket":46,"minecraft:diorite":2,"minecraft:stone_pickaxe":34,"minecraft:ender_pearl":1,"minecraft:wooden_pickaxe":15,"minecraft:sandstone":35,"minecraft:sand":144,"minecraft:tnt":3,"minecraft:crafting_table":5,"vampirism:stake":10,"minecraft:apple":1,"minecraft:bread":57,"minecraft:iron_pickaxe":306,"minecraft:gravel":3,"spartanshields:shield_basic_iron":53,"minecraft:diamond_sword":5,"tombstone:familiar_stone":19,"minecraft:cobblestone":118,"travelersbackpack:standard":2,"minecraft:cooked_porkchop":1,"minecraft:andesite":1,"minecraft:bucket":47,"vampirism:totem_base":1},"minecraft:picked_up":{"minecraft:crafting_table":2,"vampirism:injection_garlic":1,"vampirism:heart_striker_enhanced":1,"vampirism:pure_salt_water":3,"minecraft:string":44,"vampirism:totem_base":2,"minecraft:beef":18,"minecraft:poppy":2,"minecraft:chest":1,"minecraft:furnace":2,"minecraft:egg":1,"minecraft:stick":12,"minecraft:sandstone":61,"minecraft:oak_fence":2,"minecraft:torch":19,"minecraft:acacia_log":9,"minecraft:porkchop":11,"vampirism:holy_water_bottle_enhanced":1,"minecraft:diorite":5,"tombstone:grave_dust":9,"vampirism:vampire_fang":2,"vampirism:amulet":1,"minecraft:redstone":60,"minecraft:tnt":1,"vampirism:hunter_table":1,"minecraft:arrow":28,"minecraft:cactus":1,"minecraft:rotten_flesh":33,"minecraft:hay_block":45,"tombstone:essence_of_undeath":1,"minecraft:gold_ingot":2,"minecraft:mutton":12,"minecraft:rail":3,"minecraft:white_wool":13,"minecraft:cobblestone":146,"vampirism:vampire_book":1,"vampirism:weapon_table":1,"vampirism:vampire_blood_bottle":1,"minecraft:cooked_beef":3,"vampirism:item_tent":7,"minecraft:andesite":1,"minecraft:cut_sandstone":1,"minecraft:leather":15,"vampirism:stake":2,"minecraft:flint":3,"minecraft:oak_log":9,"minecraft:gunpowder":20,"minecraft:dirt":20,"minecraft:smooth_sandstone":28,"minecraft:bone":25,"vampirism:human_heart":5,"minecraft:acacia_planks":4,"minecraft:apple":1,"minecraft:bow":1,"minecraft:wheat_seeds":20,"vampirism:item_garlic":7,"minecraft:iron_ingot":11,"minecraft:stone_pickaxe":1,"minecraft:iron_ore":74,"minecraft:oak_planks":6,"minecraft:book":18,"minecraft:cooked_porkchop":1,"vampirism:fire_place":3,"minecraft:gravel":6,"minecraft:sand":257,"minecraft:gold_ore":27,"minecraft:spider_eye":10,"minecraft:leather_helmet":2,"travelersbackpack:standard":1,"minecraft:blue_terracotta":1,"tombstone:familiar_stone":2,"minecraft:diamond":13,"minecraft:granite":8,"minecraft:bread":26,"minecraft:coal":39,"minecraft:ender_pearl":5},"minecraft:custom":{"minecraft:interact_with_smithing_table":1,"minecraft:mob_kills":101,"minecraft:interact_with_crafting_table":38,"minecraft:bell_ring":2,"minecraft:damage_dealt_resisted":40995,"minecraft:leave_game":2,"minecraft:time_since_death":47838,"minecraft:sprint_one_cm":430586,"minecraft:walk_one_cm":341649,"minecraft:damage_blocked_by_shield":1858,"minecraft:drop":111,"minecraft:talked_to_villager":11,"minecraft:deaths":4,"minecraft:sneak_time":2403,"minecraft:walk_under_water_one_cm":3436,"minecraft:jump":3901,"minecraft:walk_on_water_one_cm":29978,"minecraft:interact_with_furnace":107,"minecraft:play_one_minute":171585,"minecraft:sleep_in_bed":4,"minecraft:time_since_rest":259,"minecraft:waystone_activated":2,"minecraft:damage_taken":4299,"minecraft:damage_dealt":25019,"minecraft:player_kills":4,"minecraft:swim_one_cm":15172,"minecraft:fly_one_cm":819592,"minecraft:open_chest":13,"minecraft:crouch_one_cm":4195,"tombstone:undead_killed":34,"minecraft:fall_one_cm":92311},"minecraft:killed_by":{"minecraft:player":1,"mutantbeasts:mutant_skeleton":1,"minecraft:zombie":1},"minecraft:crafted":{"minecraft:oak_planks":36,"spartanshields:shield_basic_iron":1,"minecraft:furnace":3,"minecraft:cooked_mutton":5,"minecraft:flint_and_steel":1,"minecraft:diamond_leggings":1,"minecraft:iron_boots":2,"minecraft:iron_axe":1,"minecraft:stone_pickaxe":1,"minecraft:chest":2,"minecraft:wheat":405,"spartanshields:shield_basic_wood":1,"minecraft:cooked_beef":17,"minecraft:diamond_sword":1,"minecraft:cooked_porkchop":1,"minecraft:crafting_table":3,"minecraft:wooden_pickaxe":1,"minecraft:iron_helmet":2,"minecraft:iron_sword":3,"minecraft:leather_helmet":1,"minecraft:bucket":1,"minecraft:bread":135,"minecraft:air":0,"minecraft:tnt":2,"minecraft:iron_chestplate":1,"minecraft:diamond_pickaxe":1,"minecraft:shield":1,"minecraft:stick":28,"minecraft:iron_ingot":69,"minecraft:iron_pickaxe":3,"minecraft:stone_sword":1,"minecraft:iron_leggings":1,"minecraft:gold_ingot":27,"minecraft:acacia_planks":32,"minecraft:torch":76}},"DataVersion":2586}