{"stats":{"minecraft:used":{"minecraft:stone_sword":11,"minecraft:flint_and_steel":36,"minecraft:spruce_slab":1,"minecraft:shield":4,"minecraft:iron_sword":375,"minecraft:rotten_flesh":9,"minecraft:netherrack":191,"minecraft:torch":79,"minecraft:soul_sand":6,"tombstone:scroll_of_preservation":1,"minecraft:dirt":137,"tombstone:tablet_of_recall":1,"vampirism:item_tent":7,"tombstone:ankh_of_pray":2,"minecraft:lava_bucket":6,"minecraft:iron_axe":72,"minecraft:smooth_sandstone":28,"securitycraft:sentry":2,"minecraft:furnace":5,"tombstone:gift":11,"minecraft:egg":2,"minecraft:cooked_beef":12,"vampirism:fire_place":2,"minecraft:water_bucket":61,"minecraft:diorite":2,"tombstone:scroll_of_reach":1,"securitycraft:reinforced_oak_planks":27,"minecraft:stone_pickaxe":34,"minecraft:oak_planks":3,"minecraft:blackstone":1,"minecraft:ender_pearl":1,"minecraft:wooden_pickaxe":15,"vampirism:human_heart":1,"minecraft:sandstone":35,"minecraft:sand":158,"minecraft:tnt":7,"minecraft:crafting_table":5,"securitycraft:universal_block_remover":5,"vampirism:stake":33,"minecraft:diamond_pickaxe":297,"minecraft:apple":1,"minecraft:bread":105,"minecraft:iron_pickaxe":306,"tombstone:magic_scroll":1,"minecraft:gravel":3,"spartanshields:shield_basic_iron":57,"tombstone:familiar_stone":19,"minecraft:diamond_sword":159,"minecraft:cobblestone":134,"travelersbackpack:standard":2,"minecraft:cooked_porkchop":1,"minecraft:andesite":1,"minecraft:bucket":68,"vampirism:totem_base":1},"minecraft:crafted":{"minecraft:oak_planks":36,"spartanshields:shield_basic_iron":1,"minecraft:furnace":3,"minecraft:cooked_mutton":5,"minecraft:flint_and_steel":1,"minecraft:diamond_leggings":1,"minecraft:iron_boots":2,"minecraft:iron_axe":1,"minecraft:stone_pickaxe":1,"minecraft:chest":2,"minecraft:wheat":882,"spartanshields:shield_basic_wood":1,"minecraft:cooked_beef":17,"minecraft:diamond_sword":1,"minecraft:cooked_porkchop":1,"minecraft:crafting_table":3,"minecraft:wooden_pickaxe":1,"minecraft:iron_helmet":2,"minecraft:iron_sword":3,"minecraft:leather_helmet":1,"minecraft:bucket":1,"minecraft:bread":294,"minecraft:air":0,"minecraft:tnt":5,"minecraft:iron_chestplate":1,"minecraft:diamond_pickaxe":1,"vampirism:armor_of_swiftness_chest_ultimate":1,"minecraft:shield":1,"minecraft:stick":28,"minecraft:iron_ingot":69,"minecraft:iron_pickaxe":3,"minecraft:stone_sword":1,"minecraft:iron_leggings":1,"minecraft:gold_ingot":35,"minecraft:acacia_planks":32,"minecraft:torch":76},"minecraft:killed_by":{"minecraft:player":2,"mutantbeasts:mutant_skeleton":2,"minecraft:zombie":1,"vampirism:vampire":1},"minecraft:picked_up":{"minecraft:crafting_table":2,"vampirism:injection_garlic":1,"vampirism:heart_striker_enhanced":1,"mutantbeasts:mutant_skeleton_boots":1,"tombstone:scroll_of_preservation":1,"securitycraft:reinforced_oak_planks":27,"vampirism:pure_salt_water":3,"minecraft:string":48,"minecraft:blackstone":1,"minecraft:gold_nugget":75,"vampirism:totem_base":2,"mutantbeasts:mutant_skeleton_chestplate":1,"minecraft:beef":18,"minecraft:poppy":2,"minecraft:spruce_slab":1,"minecraft:chest":1,"minecraft:furnace":2,"minecraft:iron_boots":1,"minecraft:egg":3,"tombstone:ankh_of_pray":1,"minecraft:stick":14,"minecraft:sandstone":78,"minecraft:oak_fence":2,"minecraft:torch":20,"minecraft:acacia_log":9,"mutantbeasts:mutant_skeleton_shoulder_pad":1,"minecraft:porkchop":11,"vampirism:holy_water_bottle_enhanced":1,"minecraft:diorite":5,"tombstone:grave_dust":13,"vampirism:vampire_fang":4,"vampirism:amulet":2,"minecraft:redstone":60,"minecraft:tnt":2,"vampirism:hunter_table":1,"minecraft:arrow":38,"minecraft:cactus":1,"minecraft:rotten_flesh":52,"mutantbeasts:mutant_skeleton_rib":3,"minecraft:hay_block":98,"tombstone:essence_of_undeath":1,"minecraft:gold_ingot":2,"minecraft:mutton":12,"minecraft:rail":3,"minecraft:white_wool":13,"minecraft:cobblestone":166,"minecraft:lilac":2,"minecraft:golden_leggings":2,"mutantbeasts:mutant_skeleton_skull":1,"vampirism:vampire_book":1,"vampirism:weapon_table":1,"vampirism:vampire_blood_bottle":3,"minecraft:cooked_beef":3,"vampirism:item_tent":8,"mutantbeasts:mutant_skeleton_limb":5,"minecraft:andesite":1,"minecraft:cut_sandstone":1,"minecraft:leather":16,"mutantbeasts:mutant_skeleton_leggings":1,"vampirism:stake":2,"minecraft:flint":3,"minecraft:oak_log":13,"minecraft:gunpowder":32,"vampirism:hunter_coat_legs_ultimate":2,"minecraft:dirt":205,"securitycraft:sentry":2,"tombstone:gift":1,"minecraft:smooth_sandstone":28,"minecraft:bone":36,"vampirism:human_heart":7,"minecraft:acacia_planks":4,"minecraft:apple":1,"minecraft:bow":1,"minecraft:wheat_seeds":26,"vampirism:item_garlic":8,"minecraft:iron_ingot":16,"minecraft:stone_pickaxe":1,"minecraft:iron_ore":74,"securitycraft:universal_block_reinforcer_lvl1":1,"minecraft:soul_sand":6,"minecraft:oak_planks":32,"minecraft:book":18,"vampirism:cursed_spruce_log":2,"minecraft:cooked_porkchop":1,"vampirism:fire_place":3,"minecraft:dandelion":1,"minecraft:gravel":6,"minecraft:sand":342,"minecraft:gold_ore":27,"minecraft:spider_eye":11,"minecraft:leather_helmet":2,"tombstone:scroll_of_mercy":1,"securitycraft:universal_block_remover":1,"travelersbackpack:standard":1,"minecraft:blue_terracotta":1,"tombstone:familiar_stone":2,"minecraft:diamond":13,"tombstone:tablet_of_recall":1,"minecraft:iron_helmet":1,"minecraft:granite":8,"naturescompass:naturescompass":1,"minecraft:bread":27,"vampirism:vampire_orchid":1,"tombstone:magic_scroll":1,"minecraft:netherrack":270,"minecraft:coal":39,"vampirism:armor_of_swiftness_chest_ultimate":2,"minecraft:ender_pearl":6},"minecraft:custom":{"minecraft:interact_with_smithing_table":1,"minecraft:mob_kills":169,"minecraft:interact_with_crafting_table":43,"minecraft:bell_ring":2,"minecraft:damage_dealt_resisted":42181,"minecraft:leave_game":2,"minecraft:time_since_death":2550,"minecraft:sprint_one_cm":613325,"minecraft:walk_one_cm":570749,"minecraft:damage_blocked_by_shield":2033,"tombstone:consume_soul":1,"minecraft:drop":246,"minecraft:talked_to_villager":12,"minecraft:deaths":7,"minecraft:sneak_time":5617,"minecraft:walk_under_water_one_cm":4616,"minecraft:jump":5674,"minecraft:walk_on_water_one_cm":53830,"minecraft:interact_with_furnace":107,"tombstone:raider_killed":5,"minecraft:play_one_minute":258787,"minecraft:sleep_in_bed":6,"minecraft:time_since_rest":2577,"minecraft:waystone_activated":3,"minecraft:damage_absorbed":40,"minecraft:damage_taken":7024,"minecraft:damage_dealt":40534,"minecraft:player_kills":7,"minecraft:swim_one_cm":19001,"minecraft:fly_one_cm":1227083,"minecraft:open_chest":30,"minecraft:crouch_one_cm":25118,"tombstone:undead_killed":64,"minecraft:fall_one_cm":152546,"minecraft:horse_one_cm":23793},"minecraft:dropped":{"minecraft:wheat_seeds":16,"vampirism:stake":1,"minecraft:cooked_beef":6,"minecraft:oak_log":4,"minecraft:cooked_porkchop":1,"vampirism:hunter_coat_legs_ultimate":1,"minecraft:oak_fence":2,"minecraft:iron_helmet":3,"minecraft:cobblestone":4,"minecraft:leather":10,"minecraft:granite":8,"vampirism:hunter_table":1,"minecraft:acacia_log":1,"minecraft:rail":3,"vampirism:amulet":2,"minecraft:leather_helmet":3,"minecraft:flint":2,"minecraft:stick":2,"minecraft:dirt":68,"minecraft:diorite":3,"minecraft:torch":6,"mutantbeasts:mutant_skeleton_rib":3,"tombstone:grave_dust":8,"minecraft:gold_nugget":3,"minecraft:sand":104,"minecraft:string":44,"minecraft:white_wool":5,"mutantbeasts:mutant_skeleton_leggings":1,"minecraft:acacia_planks":8,"minecraft:bone":22,"minecraft:blue_terracotta":1,"vampirism:fire_place":1,"minecraft:stone_sword":1,"vampirism:holy_water_bottle_normal":5,"mutantbeasts:mutant_skeleton_shoulder_pad":1,"vampirism:holy_water_bottle_enhanced":1,"mutantbeasts:mutant_skeleton_limb":5,"minecraft:rotten_flesh":32,"minecraft:iron_boots":3,"minecraft:oak_planks":4,"minecraft:cooked_mutton":5,"vampirism:heart_striker_enhanced":1,"minecraft:poppy":2,"minecraft:gunpowder":4,"vampirism:vampire_blood_bottle":2,"vampirism:vampire_fang":1,"minecraft:golden_leggings":2,"minecraft:chest":3,"minecraft:spider_eye":9,"tombstone:essence_of_undeath":1,"minecraft:sandstone":35,"minecraft:arrow":5,"minecraft:stone_pickaxe":2,"vampirism:pure_salt_water":3,"minecraft:netherrack":34,"minecraft:egg":1},"minecraft:killed":{"vampirism:vampire":6,"minecraft:cave_spider":5,"minecraft:zombified_piglin":6,"minecraft:spider":22,"mutantbeasts:mutant_enderman":1,"minecraft:horse":1,"minecraft:skeleton":25,"vampirism:advanced_hunter":5,"minecraft:piglin":3,"minecraft:husk":8,"minecraft:iron_golem":3,"minecraft:creeper":19,"mutantbeasts:mutant_skeleton":1,"vampirism:hunter":18,"minecraft:sheep":8,"minecraft:zombie":24,"minecraft:enderman":2,"minecraft:cow":7},"minecraft:mined":{"minecraft:nether_gold_ore":17,"minecraft:diamond_ore":13,"minecraft:granite":7,"minecraft:acacia_log":8,"minecraft:grass_block":3,"vampirism:vampire_orchid":1,"vampirism:weapon_table":1,"minecraft:sandstone":15,"minecraft:hay_block":99,"minecraft:redstone_ore":12,"minecraft:furnace":2,"minecraft:iron_ore":75,"minecraft:fire":17,"minecraft:andesite":2,"vampirism:tent":7,"minecraft:stone":139,"minecraft:spruce_slab":1,"minecraft:acacia_leaves":1,"minecraft:soul_sand":7,"minecraft:blackstone":1,"vampirism:cursed_spruce_log":2,"minecraft:dandelion":1,"vampirism:tent_main":5,"minecraft:oak_fence":2,"minecraft:torch":2,"minecraft:smooth_sandstone":1,"minecraft:crafting_table":2,"minecraft:dead_bush":21,"minecraft:tall_grass":30,"minecraft:cobblestone":33,"minecraft:oak_planks":25,"minecraft:diorite":2,"minecraft:wall_torch":5,"minecraft:blue_terracotta":1,"vampirism:totem_base":2,"minecraft:lime_glazed_terracotta":2,"vampirism:totem_top":1,"minecraft:lilac":2,"minecraft:tnt":1,"minecraft:grass":111,"minecraft:oak_log":13,"minecraft:coal_ore":31,"vampirism:fire_place":2,"minecraft:sand":22,"minecraft:gravel":7,"minecraft:dirt":10,"minecraft:cobweb":20,"minecraft:netherrack":254,"minecraft:gold_ore":28,"minecraft:oak_leaves":4},"minecraft:broken":{"mutantbeasts:mutant_skeleton_skull":1}},"DataVersion":2586}